Plot Title: B6 Rimrock,,,,,
RID,Date,Time,Event,Details1,Details2
1,6/11/2013,28:22.0,9697,Details,
2,6/11/2013,29:48.0,9698,Series: Events (1.0), Units
3,6/11/2013,29:53.5,9699,Devices,
4,7/11/2013,37:01.0,9700,Device Info,
5,7/12/2013,57:56.5,9701,Product: H07 Logger,
6,7/12/2013,59:13.5,9702,Serial Number: 750530,
7,7/12/2013,00:30.0,9703,Version Number: 0.00,
8,7/12/2013,01:37.0,9704,Manufacturer: Onset Computer Corporation,
9,7/12/2013,02:19.5,9705,Device Memory: 32768,
10,7/12/2013,02:40.0,9706,Header Created: 05/24/18 05:09:10 PM GMT-06:00,
11,7/12/2013,03:02.0,9707,Deployment Info,
12,7/12/2013,03:36.0,9708,Full Series Name: Events (1.0), Units
13,7/12/2013,04:17.5,9709,Launch Name: B6 Rimrock,
14,7/12/2013,04:57.0,9710,Deployment Number: 19,
15,7/12/2013,06:17.0,9711,Launch Time: 06/11/13 09:28:22 AM GMT-06:00,
16,7/12/2013,08:16.5,9712,Launch GMT Offset: -6 Hr 0 Min,
17,7/12/2013,09:36.5,9713,Battery at Launch: Unknown,
18,7/12/2013,10:38.0,9714,Series Statistics,
19,7/12/2013,11:44.0,9715,Samples: 1,634
20,7/12/2013,13:46.5,9716,First Sample Time: 06/11/13 09:28:22 AM GMT-06:00,
21,7/12/2013,16:42.0,9717,Last Sample Time: 07/09/14 08:59:55 AM GMT-06:00,
22,7/12/2013,30:03.0,9718,,
23,7/12/2013,35:18.0,9719,,
24,7/12/2013,39:06.5,9720,,
25,7/12/2013,42:22.0,9721,,
26,7/12/2013,45:32.5,9722,,
27,7/12/2013,49:00.5,9723,,
28,7/12/2013,52:29.0,9724,,
29,7/12/2013,57:47.0,9725,,
30,7/12/2013,02:01.0,9726,,
31,7/13/2013,09:27.0,9727,,
32,7/15/2013,13:25.5,9728,,
33,7/15/2013,38:00.0,9729,,
34,7/15/2013,46:51.5,9730,,
35,7/15/2013,05:04.0,9731,,
36,7/15/2013,30:49.5,9732,,
37,7/15/2013,49:52.0,9733,,
38,7/16/2013,15:41.0,9734,,
39,7/16/2013,07:54.5,9735,,
40,7/17/2013,00:02.5,9736,,
41,7/17/2013,03:00.0,9737,,
42,7/17/2013,05:07.5,9738,,
43,7/17/2013,08:47.5,9739,,
44,7/17/2013,19:19.5,9740,,
45,7/17/2013,25:22.0,9741,,
46,7/17/2013,29:25.0,9742,,
47,7/17/2013,33:36.0,9743,,
48,7/17/2013,37:01.0,9744,,
49,7/17/2013,38:55.5,9745,,
50,7/17/2013,40:47.5,9746,,
51,7/17/2013,44:43.0,9747,,
52,7/18/2013,57:07.5,9748,,
53,7/18/2013,59:13.5,9749,,
54,7/18/2013,00:26.0,9750,,
55,7/18/2013,01:12.0,9751,,
56,7/18/2013,01:38.0,9752,,
57,7/18/2013,01:54.5,9753,,
58,7/18/2013,02:07.0,9754,,
59,7/18/2013,02:20.5,9755,,
60,7/18/2013,02:40.0,9756,,
61,7/18/2013,03:07.0,9757,,
62,7/18/2013,04:26.5,9758,,
63,7/18/2013,06:40.0,9759,,
64,7/18/2013,07:33.0,9760,,
65,7/18/2013,08:06.0,9761,,
66,7/18/2013,08:49.0,9762,,
67,7/18/2013,09:34.0,9763,,
68,7/18/2013,09:57.0,9764,,
69,7/18/2013,10:16.0,9765,,
70,7/18/2013,10:33.0,9766,,
71,7/18/2013,10:56.0,9767,,
72,7/18/2013,11:31.0,9768,,
73,7/18/2013,12:12.5,9769,,
74,7/18/2013,12:55.0,9770,,
75,7/18/2013,13:20.5,9771,,
76,7/18/2013,13:35.0,9772,,
77,7/18/2013,13:48.5,9773,,
78,7/18/2013,14:08.0,9774,,
79,7/18/2013,14:31.0,9775,,
80,7/18/2013,15:03.5,9776,,
81,7/18/2013,15:36.5,9777,,
82,7/18/2013,16:21.5,9778,,
83,7/18/2013,43:15.0,9779,,
84,7/19/2013,29:48.0,9780,,
85,7/19/2013,30:27.0,9781,,
86,7/19/2013,30:45.0,9782,,
87,7/19/2013,31:18.5,9783,,
88,7/19/2013,32:06.0,9784,,
89,7/19/2013,33:01.0,9785,,
90,7/19/2013,34:37.5,9786,,
91,7/19/2013,36:41.5,9787,,
92,7/19/2013,37:04.0,9788,,
93,7/19/2013,37:20.0,9789,,
94,7/19/2013,37:34.0,9790,,
95,7/19/2013,37:51.0,9791,,
96,7/19/2013,38:03.5,9792,,
97,7/19/2013,38:19.0,9793,,
98,7/19/2013,38:33.5,9794,,
99,7/19/2013,38:48.0,9795,,
100,7/19/2013,39:04.0,9796,,
101,7/19/2013,39:19.0,9797,,
102,7/19/2013,39:39.0,9798,,
103,7/19/2013,40:01.0,9799,,
104,7/19/2013,40:22.0,9800,,
105,7/19/2013,40:42.5,9801,,
106,7/19/2013,41:11.5,9802,,
107,7/19/2013,42:03.0,9803,,
108,7/19/2013,43:33.5,9804,,
109,7/19/2013,48:45.0,9805,,
110,7/27/2013,03:40.0,9806,,
111,7/27/2013,15:46.5,9807,,
112,7/27/2013,19:20.0,9808,,
113,7/27/2013,26:47.0,9809,,
114,7/27/2013,27:02.0,9810,,
115,7/27/2013,27:11.5,9811,,
116,7/27/2013,27:21.0,9812,,
117,7/27/2013,27:31.5,9813,,
118,7/27/2013,27:44.5,9814,,
119,7/27/2013,27:55.5,9815,,
120,7/27/2013,28:42.5,9816,,
121,7/27/2013,29:48.5,9817,,
122,7/27/2013,30:11.0,9818,,
123,7/27/2013,30:28.0,9819,,
124,7/27/2013,30:38.5,9820,,
125,7/27/2013,30:46.5,9821,,
126,7/27/2013,30:57.0,9822,,
127,7/27/2013,31:18.5,9823,,
128,7/27/2013,32:02.0,9824,,
129,7/27/2013,32:38.0,9825,,
130,7/27/2013,33:01.5,9826,,
131,7/27/2013,33:50.5,9827,,
132,7/27/2013,34:47.5,9828,,
133,7/27/2013,35:28.5,9829,,
134,7/27/2013,36:26.0,9830,,
135,7/27/2013,37:12.0,9831,,
136,7/27/2013,38:01.0,9832,,
137,7/27/2013,15:24.0,9833,,
138,7/27/2013,17:52.5,9834,,
139,7/27/2013,24:08.5,9835,,
140,7/27/2013,34:50.5,9836,,
141,8/1/2013,54:11.5,9837,,
142,8/1/2013,50:52.0,9838,,
143,8/5/2013,47:37.0,9839,,
144,8/5/2013,48:35.5,9840,,
145,8/5/2013,49:25.5,9841,,
146,8/5/2013,51:46.5,9842,,
147,8/5/2013,57:19.5,9843,,
148,8/7/2013,34:18.5,9844,,
149,8/8/2013,51:17.0,9845,,
150,8/8/2013,52:10.5,9846,,
151,8/8/2013,52:35.0,9847,,
152,8/8/2013,53:11.5,9848,,
153,8/8/2013,54:01.5,9849,,
154,8/8/2013,54:35.0,9850,,
155,8/8/2013,55:15.5,9851,,
156,8/8/2013,59:29.5,9852,,
157,8/8/2013,02:56.0,9853,,
158,8/10/2013,30:13.5,9854,,
159,8/10/2013,40:38.5,9855,,
160,8/17/2013,51:50.0,9856,,
161,8/19/2013,02:37.5,9857,,
162,8/19/2013,04:50.0,9858,,
163,8/19/2013,06:29.5,9859,,
164,8/19/2013,06:45.5,9860,,
165,8/19/2013,07:01.5,9861,,
166,8/19/2013,07:13.5,9862,,
167,8/19/2013,07:28.0,9863,,
168,8/19/2013,07:42.5,9864,,
169,8/19/2013,07:54.5,9865,,
170,8/19/2013,08:05.0,9866,,
171,8/19/2013,08:15.5,9867,,
172,8/19/2013,08:25.0,9868,,
173,8/19/2013,08:37.0,9869,,
174,8/19/2013,08:52.5,9870,,
175,8/19/2013,09:14.0,9871,,
176,8/19/2013,09:36.5,9872,,
177,8/19/2013,09:58.5,9873,,
178,8/19/2013,10:34.5,9874,,
179,8/19/2013,10:55.0,9875,,
180,8/19/2013,11:07.5,9876,,
181,8/19/2013,11:18.0,9877,,
182,8/19/2013,11:29.0,9878,,
183,8/19/2013,11:40.5,9879,,
184,8/19/2013,11:56.5,9880,,
185,8/19/2013,12:24.0,9881,,
186,8/19/2013,13:05.0,9882,,
187,8/19/2013,14:32.5,9883,,
188,8/19/2013,15:23.5,9884,,
189,8/19/2013,15:51.0,9885,,
190,8/19/2013,16:24.5,9886,,
191,8/19/2013,17:12.5,9887,,
192,8/19/2013,17:47.5,9888,,
193,8/19/2013,18:12.5,9889,,
194,8/19/2013,18:44.0,9890,,
195,8/19/2013,19:30.0,9891,,
196,8/19/2013,19:56.5,9892,,
197,8/19/2013,20:18.0,9893,,
198,8/19/2013,20:37.5,9894,,
199,8/19/2013,20:51.5,9895,,
200,8/19/2013,21:04.5,9896,,
201,8/19/2013,21:21.0,9897,,
202,8/19/2013,21:43.5,9898,,
203,8/19/2013,22:14.0,9899,,
204,8/19/2013,22:51.0,9900,,
205,8/19/2013,24:24.5,9901,,
206,8/19/2013,26:03.0,9902,,
207,8/19/2013,26:57.0,9903,,
208,8/19/2013,28:49.5,9904,,
209,8/19/2013,31:23.5,9905,,
210,8/19/2013,33:20.5,9906,,
211,8/19/2013,40:29.5,9907,,
212,8/19/2013,57:40.0,9908,,
213,8/21/2013,39:07.5,9909,,
214,8/21/2013,05:23.0,9910,,
215,8/23/2013,12:24.5,9911,,
216,8/23/2013,14:15.5,9912,,
217,8/23/2013,57:17.0,9913,,
218,8/23/2013,59:21.0,9914,,
219,8/23/2013,02:01.5,9915,,
220,8/23/2013,04:56.0,9916,,
221,8/23/2013,04:11.0,9917,,
222,8/23/2013,04:59.0,9918,,
223,8/23/2013,05:36.0,9919,,
224,8/23/2013,06:06.0,9920,,
225,8/23/2013,06:42.5,9921,,
226,8/23/2013,07:22.5,9922,,
227,8/23/2013,08:05.5,9923,,
228,8/23/2013,08:48.5,9924,,
229,8/23/2013,11:06.5,9925,,
230,8/23/2013,15:08.5,9926,,
231,8/23/2013,19:48.0,9927,,
232,8/23/2013,24:18.0,9928,,
233,8/23/2013,30:28.0,9929,,
234,8/23/2013,57:29.0,9930,,
235,8/24/2013,55:54.0,9931,,
236,8/24/2013,59:08.5,9932,,
237,8/24/2013,02:23.5,9933,,
238,8/24/2013,08:17.5,9934,,
239,8/24/2013,16:41.0,9935,,
240,8/24/2013,23:03.5,9936,,
241,8/24/2013,14:46.0,9937,,
242,8/25/2013,05:32.0,9938,,
243,8/25/2013,00:43.5,9939,,
244,8/25/2013,03:56.5,9940,,
245,8/25/2013,05:19.0,9941,,
246,8/25/2013,08:33.5,9942,,
247,8/25/2013,13:32.5,9943,,
248,8/25/2013,19:15.5,9944,,
249,8/25/2013,23:34.0,9945,,
250,8/25/2013,27:07.0,9946,,
251,8/25/2013,30:15.5,9947,,
252,8/25/2013,34:04.0,9948,,
253,8/25/2013,56:54.0,9949,,
254,8/25/2013,11:00.5,9950,,
255,8/25/2013,16:56.0,9951,,
256,8/25/2013,20:30.5,9952,,
257,8/25/2013,25:12.0,9953,,
258,8/25/2013,28:21.5,9954,,
259,8/25/2013,33:20.5,9955,,
260,8/25/2013,35:16.5,9956,,
261,8/25/2013,36:44.5,9957,,
262,8/25/2013,38:23.5,9958,,
263,8/25/2013,41:28.5,9959,,
264,8/25/2013,45:25.0,9960,,
265,8/25/2013,49:59.0,9961,,
266,8/25/2013,52:35.5,9962,,
267,8/25/2013,56:37.5,9963,,
268,8/25/2013,00:59.5,9964,,
269,8/25/2013,10:26.5,9965,,
270,8/25/2013,22:40.0,9966,,
271,8/25/2013,24:24.0,9967,,
272,8/25/2013,56:13.0,9968,,
273,8/25/2013,02:10.5,9969,,
274,8/25/2013,03:27.5,9970,,
275,8/25/2013,03:58.0,9971,,
276,8/25/2013,04:37.5,9972,,
277,8/25/2013,05:28.0,9973,,
278,8/25/2013,06:27.0,9974,,
279,8/25/2013,07:04.0,9975,,
280,8/25/2013,08:10.0,9976,,
281,8/25/2013,13:46.0,9977,,
282,8/25/2013,36:29.5,9978,,
283,8/25/2013,43:32.0,9979,,
284,8/25/2013,30:50.0,9980,,
285,8/25/2013,39:15.0,9981,,
286,8/25/2013,48:56.5,9982,,
287,8/25/2013,55:14.5,9983,,
288,8/25/2013,58:46.5,9984,,
289,8/25/2013,04:19.0,9985,,
290,8/25/2013,11:11.5,9986,,
291,8/25/2013,13:50.5,9987,,
292,8/25/2013,16:39.0,9988,,
293,8/25/2013,27:21.5,9989,,
294,8/25/2013,33:34.0,9990,,
295,8/25/2013,34:56.0,9991,,
296,8/25/2013,35:54.5,9992,,
297,8/25/2013,37:09.5,9993,,
298,8/25/2013,38:49.0,9994,,
299,8/25/2013,41:26.5,9995,,
300,8/25/2013,45:31.5,9996,,
301,8/25/2013,49:04.0,9997,,
302,8/26/2013,22:51.5,9998,,
303,8/26/2013,06:56.0,9999,,
304,8/26/2013,16:32.0,10000,,
305,8/26/2013,29:58.5,10001,,
306,8/26/2013,49:13.5,10002,,
307,8/26/2013,24:38.0,10003,,
308,8/26/2013,25:37.5,10004,,
309,8/26/2013,26:16.5,10005,,
310,8/26/2013,27:25.5,10006,,
311,8/26/2013,28:08.0,10007,,
312,8/26/2013,28:31.0,10008,,
313,8/26/2013,29:16.0,10009,,
314,8/26/2013,29:51.0,10010,,
315,8/26/2013,30:43.0,10011,,
316,8/26/2013,31:00.0,10012,,
317,8/26/2013,31:25.0,10013,,
318,8/26/2013,31:43.5,10014,,
319,8/26/2013,32:04.0,10015,,
320,8/26/2013,32:21.0,10016,,
321,8/26/2013,32:45.0,10017,,
322,8/26/2013,33:04.5,10018,,
323,8/26/2013,33:22.5,10019,,
324,8/26/2013,33:42.5,10020,,
325,8/26/2013,33:58.5,10021,,
326,8/26/2013,34:12.0,10022,,
327,8/26/2013,34:24.5,10023,,
328,8/26/2013,34:36.0,10024,,
329,8/26/2013,34:45.5,10025,,
330,8/26/2013,34:55.5,10026,,
331,8/26/2013,35:05.0,10027,,
332,8/26/2013,35:13.0,10028,,
333,8/26/2013,35:22.5,10029,,
334,8/26/2013,35:31.0,10030,,
335,8/26/2013,35:41.0,10031,,
336,8/26/2013,35:51.0,10032,,
337,8/26/2013,36:02.0,10033,,
338,8/26/2013,36:13.0,10034,,
339,8/26/2013,36:24.5,10035,,
340,8/26/2013,36:36.5,10036,,
341,8/26/2013,36:51.0,10037,,
342,8/26/2013,37:03.5,10038,,
343,8/26/2013,37:13.5,10039,,
344,8/26/2013,37:22.0,10040,,
345,8/26/2013,37:32.0,10041,,
346,8/26/2013,37:43.5,10042,,
347,8/26/2013,37:56.0,10043,,
348,8/26/2013,38:11.5,10044,,
349,8/26/2013,38:29.0,10045,,
350,8/26/2013,38:40.0,10046,,
351,8/26/2013,38:49.5,10047,,
352,8/26/2013,38:57.5,10048,,
353,8/26/2013,39:08.5,10049,,
354,8/26/2013,39:20.5,10050,,
355,8/26/2013,39:38.0,10051,,
356,8/26/2013,39:51.5,10052,,
357,8/26/2013,40:13.5,10053,,
358,8/26/2013,40:35.5,10054,,
359,8/26/2013,41:13.0,10055,,
360,8/26/2013,41:39.0,10056,,
361,8/26/2013,42:05.5,10057,,
362,8/26/2013,42:45.5,10058,,
363,8/26/2013,43:29.0,10059,,
364,8/26/2013,44:11.0,10060,,
365,8/26/2013,45:22.5,10061,,
366,8/26/2013,45:54.0,10062,,
367,8/26/2013,46:18.5,10063,,
368,8/26/2013,46:36.0,10064,,
369,8/26/2013,46:51.0,10065,,
370,8/26/2013,47:05.5,10066,,
371,8/26/2013,47:36.0,10067,,
372,8/26/2013,48:03.5,10068,,
373,8/26/2013,48:39.0,10069,,
374,8/26/2013,49:17.0,10070,,
375,8/26/2013,50:06.5,10071,,
376,8/26/2013,51:14.5,10072,,
377,8/26/2013,52:14.0,10073,,
378,8/26/2013,52:55.5,10074,,
379,8/26/2013,53:21.5,10075,,
380,8/26/2013,53:51.5,10076,,
381,8/26/2013,54:31.5,10077,,
382,8/26/2013,54:57.5,10078,,
383,8/26/2013,55:17.5,10079,,
384,8/26/2013,55:39.5,10080,,
385,8/26/2013,56:09.0,10081,,
386,8/26/2013,56:31.5,10082,,
387,8/26/2013,57:02.5,10083,,
388,8/26/2013,57:28.0,10084,,
389,8/26/2013,52:55.5,10085,,
390,8/26/2013,11:20.0,10086,,
391,8/26/2013,11:50.5,10087,,
392,8/26/2013,12:10.5,10088,,
393,8/26/2013,12:28.0,10089,,
394,8/26/2013,12:46.0,10090,,
395,8/26/2013,13:14.0,10091,,
396,8/26/2013,13:54.0,10092,,
397,8/26/2013,16:03.0,10093,,
398,8/26/2013,38:30.0,10094,,
399,8/26/2013,44:31.5,10095,,
400,8/26/2013,47:31.5,10096,,
401,8/26/2013,52:19.5,10097,,
402,8/26/2013,11:11.5,10098,,
403,8/26/2013,11:48.0,10099,,
404,8/26/2013,12:27.5,10100,,
405,8/26/2013,14:02.0,10101,,
406,8/26/2013,15:33.5,10102,,
407,8/26/2013,20:16.5,10103,,
408,8/26/2013,23:44.0,10104,,
409,8/26/2013,26:28.0,10105,,
410,8/26/2013,27:28.5,10106,,
411,8/26/2013,29:41.0,10107,,
412,8/26/2013,33:08.5,10108,,
413,8/26/2013,39:40.0,10109,,
414,8/26/2013,10:56.0,10110,,
415,8/27/2013,02:42.5,10111,,
416,8/27/2013,03:03.0,10112,,
417,8/27/2013,03:25.0,10113,,
418,8/27/2013,03:55.5,10114,,
419,8/27/2013,04:44.0,10115,,
420,8/27/2013,05:54.5,10116,,
421,8/27/2013,07:45.0,10117,,
422,8/27/2013,19:51.0,10118,,
423,8/31/2013,32:12.5,10119,,
424,8/31/2013,35:22.5,10120,,
425,8/31/2013,36:52.5,10121,,
426,8/31/2013,38:25.5,10122,,
427,8/31/2013,40:16.0,10123,,
428,8/31/2013,40:51.0,10124,,
429,8/31/2013,41:20.0,10125,,
430,8/31/2013,41:37.0,10126,,
431,8/31/2013,41:55.5,10127,,
432,8/31/2013,42:13.0,10128,,
433,8/31/2013,42:37.0,10129,,
434,8/31/2013,43:07.0,10130,,
435,8/31/2013,43:37.5,10131,,
436,8/31/2013,44:06.5,10132,,
437,8/31/2013,44:28.0,10133,,
438,8/31/2013,44:54.0,10134,,
439,8/31/2013,45:21.5,10135,,
440,8/31/2013,45:56.0,10136,,
441,8/31/2013,47:07.5,10137,,
442,8/31/2013,48:21.0,10138,,
443,8/31/2013,49:27.0,10139,,
444,8/31/2013,50:31.5,10140,,
445,8/31/2013,51:11.5,10141,,
446,8/31/2013,51:30.0,10142,,
447,8/31/2013,51:53.5,10143,,
448,8/31/2013,52:17.0,10144,,
449,8/31/2013,52:37.5,10145,,
450,8/31/2013,53:00.5,10146,,
451,8/31/2013,53:34.5,10147,,
452,8/31/2013,53:59.5,10148,,
453,8/31/2013,54:27.5,10149,,
454,8/31/2013,54:37.5,10150,,
455,8/31/2013,54:53.5,10151,,
456,8/31/2013,55:18.0,10152,,
457,8/31/2013,56:18.0,10153,,
458,8/31/2013,57:10.5,10154,,
459,8/31/2013,59:13.0,10155,,
460,8/31/2013,01:20.5,10156,,
461,8/31/2013,03:45.0,10157,,
462,8/31/2013,10:19.0,10158,,
463,8/31/2013,16:33.0,10159,,
464,8/31/2013,17:37.0,10160,,
465,8/31/2013,19:10.0,10161,,
466,8/31/2013,23:52.5,10162,,
467,9/3/2013,06:25.5,10163,,
468,9/3/2013,08:41.0,10164,,
469,9/3/2013,07:24.5,10165,,
470,9/8/2013,28:13.5,10166,,
471,9/8/2013,58:09.5,10167,,
472,9/8/2013,47:58.0,10168,,
473,9/8/2013,56:54.5,10169,,
474,9/8/2013,03:03.0,10170,,
475,9/8/2013,27:09.5,10171,,
476,9/9/2013,20:57.0,10172,,
477,9/9/2013,40:30.0,10173,,
478,9/9/2013,41:19.5,10174,,
479,9/9/2013,42:36.5,10175,,
480,9/9/2013,43:50.0,10176,,
481,9/9/2013,56:30.5,10177,,
482,9/9/2013,59:14.5,10178,,
483,9/9/2013,06:12.0,10179,,
484,9/9/2013,08:43.5,10180,,
485,9/9/2013,16:37.0,10181,,
486,9/9/2013,20:04.0,10182,,
487,9/9/2013,27:44.5,10183,,
488,9/9/2013,36:51.5,10184,,
489,9/9/2013,41:54.5,10185,,
490,9/9/2013,46:05.0,10186,,
491,9/9/2013,50:54.5,10187,,
492,9/9/2013,54:20.0,10188,,
493,9/9/2013,57:43.0,10189,,
494,9/9/2013,00:19.5,10190,,
495,9/9/2013,03:21.0,10191,,
496,9/9/2013,07:53.5,10192,,
497,9/9/2013,12:21.5,10193,,
498,9/9/2013,15:26.0,10194,,
499,9/9/2013,17:39.5,10195,,
500,9/9/2013,19:49.0,10196,,
501,9/9/2013,21:48.5,10197,,
502,9/9/2013,25:10.5,10198,,
503,9/9/2013,33:37.5,10199,,
504,9/9/2013,36:58.0,10200,,
505,9/9/2013,02:04.0,10201,,
506,9/9/2013,05:50.0,10202,,
507,9/9/2013,06:50.5,10203,,
508,9/9/2013,07:06.5,10204,,
509,9/9/2013,07:26.5,10205,,
510,9/9/2013,07:49.5,10206,,
511,9/9/2013,08:23.0,10207,,
512,9/9/2013,09:01.0,10208,,
513,9/9/2013,09:27.0,10209,,
514,9/9/2013,09:46.5,10210,,
515,9/9/2013,10:09.5,10211,,
516,9/9/2013,10:42.0,10212,,
517,9/9/2013,11:10.0,10213,,
518,9/9/2013,11:47.5,10214,,
519,9/9/2013,12:22.5,10215,,
520,9/9/2013,12:51.5,10216,,
521,9/9/2013,13:52.0,10217,,
522,9/9/2013,15:12.5,10218,,
523,9/9/2013,18:14.0,10219,,
524,9/9/2013,22:26.0,10220,,
525,9/9/2013,25:26.5,10221,,
526,9/9/2013,26:42.5,10222,,
527,9/9/2013,27:39.0,10223,,
528,9/9/2013,28:25.5,10224,,
529,9/9/2013,29:22.0,10225,,
530,9/9/2013,30:06.5,10226,,
531,9/9/2013,31:05.0,10227,,
532,9/9/2013,32:12.0,10228,,
533,9/9/2013,33:20.0,10229,,
534,9/9/2013,34:26.5,10230,,
535,9/9/2013,35:34.5,10231,,
536,9/9/2013,36:30.0,10232,,
537,9/9/2013,38:20.5,10233,,
538,9/9/2013,39:18.5,10234,,
539,9/9/2013,41:00.5,10235,,
540,9/9/2013,43:46.5,10236,,
541,9/9/2013,54:20.0,10237,,
542,9/9/2013,54:58.0,10238,,
543,9/9/2013,55:29.0,10239,,
544,9/9/2013,55:55.5,10240,,
545,9/9/2013,56:39.5,10241,,
546,9/9/2013,59:28.0,10242,,
547,9/9/2013,12:33.0,10243,,
548,9/9/2013,18:19.0,10244,,
549,9/9/2013,38:04.0,10245,,
550,9/9/2013,44:22.5,10246,,
551,9/9/2013,48:35.0,10247,,
552,9/9/2013,52:42.5,10248,,
553,9/9/2013,04:51.0,10249,,
554,9/9/2013,24:12.5,10250,,
555,9/9/2013,16:55.0,10251,,
556,9/9/2013,19:15.0,10252,,
557,9/9/2013,20:30.5,10253,,
558,9/9/2013,20:59.0,10254,,
559,9/9/2013,21:32.0,10255,,
560,9/9/2013,22:00.5,10256,,
561,9/9/2013,22:42.0,10257,,
562,9/9/2013,23:40.5,10258,,
563,9/9/2013,25:41.5,10259,,
564,9/9/2013,27:56.0,10260,,
565,9/9/2013,31:03.5,10261,,
566,9/9/2013,34:48.0,10262,,
567,9/9/2013,39:04.0,10263,,
568,9/9/2013,42:35.0,10264,,
569,9/9/2013,46:34.0,10265,,
570,9/9/2013,51:38.0,10266,,
571,9/9/2013,55:47.0,10267,,
572,9/9/2013,58:20.0,10268,,
573,9/9/2013,01:12.0,10269,,
574,9/9/2013,03:29.0,10270,,
575,9/9/2013,05:23.5,10271,,
576,9/9/2013,07:28.5,10272,,
577,9/9/2013,10:08.5,10273,,
578,9/9/2013,12:10.5,10274,,
579,9/9/2013,14:12.0,10275,,
580,9/9/2013,16:09.0,10276,,
581,9/9/2013,19:27.5,10277,,
582,9/9/2013,21:12.0,10278,,
583,9/9/2013,24:04.5,10279,,
584,9/9/2013,28:05.5,10280,,
585,9/9/2013,32:40.5,10281,,
586,9/9/2013,38:58.5,10282,,
587,9/9/2013,44:54.5,10283,,
588,9/9/2013,51:15.5,10284,,
589,9/9/2013,00:33.5,10285,,
590,9/9/2013,16:16.0,10286,,
591,9/9/2013,24:15.0,10287,,
592,9/9/2013,28:48.0,10288,,
593,9/9/2013,36:04.0,10289,,
594,9/9/2013,35:07.0,10290,,
595,9/9/2013,04:33.0,10291,,
596,9/9/2013,20:32.5,10292,,
597,9/10/2013,06:22.0,10293,,
598,9/10/2013,07:08.0,10294,,
599,9/10/2013,07:48.0,10295,,
600,9/10/2013,09:18.0,10296,,
601,9/10/2013,12:45.0,10297,,
602,9/10/2013,41:14.5,10298,,
603,9/10/2013,36:14.5,10299,,
604,9/10/2013,37:23.5,10300,,
605,9/10/2013,38:27.0,10301,,
606,9/10/2013,40:49.0,10302,,
607,9/10/2013,41:48.0,10303,,
608,9/10/2013,42:19.5,10304,,
609,9/10/2013,43:09.0,10305,,
610,9/10/2013,44:40.0,10306,,
611,9/10/2013,45:56.5,10307,,
612,9/10/2013,47:43.5,10308,,
613,9/10/2013,55:51.0,10309,,
614,9/10/2013,03:38.0,10310,,
615,9/10/2013,08:19.5,10311,,
616,9/10/2013,17:46.0,10312,,
617,9/10/2013,20:53.5,10313,,
618,9/10/2013,22:56.0,10314,,
619,9/10/2013,24:12.5,10315,,
620,9/10/2013,24:36.5,10316,,
621,9/10/2013,25:15.0,10317,,
622,9/10/2013,25:59.5,10318,,
623,9/10/2013,29:36.5,10319,,
624,9/10/2013,32:12.0,10320,,
625,9/10/2013,35:53.5,10321,,
626,9/10/2013,57:23.0,10322,,
627,9/10/2013,04:13.0,10323,,
628,9/10/2013,07:41.5,10324,,
629,9/10/2013,16:24.0,10325,,
630,9/10/2013,33:49.0,10326,,
631,9/10/2013,41:43.0,10327,,
632,9/10/2013,44:44.5,10328,,
633,9/10/2013,48:20.5,10329,,
634,9/10/2013,51:23.5,10330,,
635,9/10/2013,53:46.0,10331,,
636,9/10/2013,55:28.0,10332,,
637,9/10/2013,56:41.5,10333,,
638,9/10/2013,57:19.5,10334,,
639,9/10/2013,57:53.5,10335,,
640,9/10/2013,58:27.5,10336,,
641,9/10/2013,59:08.0,10337,,
642,9/10/2013,59:41.5,10338,,
643,9/10/2013,00:27.5,10339,,
644,9/10/2013,01:08.0,10340,,
645,9/10/2013,01:55.0,10341,,
646,9/10/2013,02:31.0,10342,,
647,9/10/2013,03:08.5,10343,,
648,9/10/2013,04:01.5,10344,,
649,9/10/2013,04:46.0,10345,,
650,9/10/2013,05:54.5,10346,,
651,9/10/2013,07:52.5,10347,,
652,9/10/2013,08:52.5,10348,,
653,9/10/2013,10:14.0,10349,,
654,9/10/2013,11:45.5,10350,,
655,9/10/2013,13:58.0,10351,,
656,9/10/2013,15:20.0,10352,,
657,9/10/2013,16:57.0,10353,,
658,9/10/2013,18:33.0,10354,,
659,9/10/2013,20:57.5,10355,,
660,9/10/2013,23:34.5,10356,,
661,9/10/2013,26:35.5,10357,,
662,9/10/2013,29:12.0,10358,,
663,9/10/2013,33:21.0,10359,,
664,9/10/2013,36:41.0,10360,,
665,9/10/2013,39:42.5,10361,,
666,9/10/2013,41:47.5,10362,,
667,9/10/2013,43:50.5,10363,,
668,9/10/2013,45:49.0,10364,,
669,9/10/2013,48:14.5,10365,,
670,9/10/2013,20:29.5,10366,,
671,9/10/2013,32:40.0,10367,,
672,9/10/2013,33:00.5,10368,,
673,9/10/2013,34:13.0,10369,,
674,9/10/2013,39:37.5,10370,,
675,9/10/2013,40:17.5,10371,,
676,9/10/2013,45:21.0,10372,,
677,9/10/2013,48:17.5,10373,,
678,9/10/2013,49:17.0,10374,,
679,9/10/2013,50:07.5,10375,,
680,9/10/2013,51:00.5,10376,,
681,9/10/2013,52:28.0,10377,,
682,9/11/2013,33:55.5,10378,,
683,9/13/2013,56:33.5,10379,,
684,9/13/2013,18:37.5,10380,,
685,9/13/2013,25:22.0,10381,,
686,9/13/2013,27:32.5,10382,,
687,9/13/2013,30:08.5,10383,,
688,9/13/2013,32:06.5,10384,,
689,9/13/2013,44:54.5,10385,,
690,9/13/2013,11:51.0,10386,,
691,9/13/2013,15:50.5,10387,,
692,9/13/2013,19:39.5,10388,,
693,9/13/2013,21:09.0,10389,,
694,9/13/2013,22:33.5,10390,,
695,9/13/2013,23:46.5,10391,,
696,9/13/2013,24:17.0,10392,,
697,9/13/2013,24:43.0,10393,,
698,9/13/2013,25:04.0,10394,,
699,9/13/2013,25:31.0,10395,,
700,9/13/2013,25:56.0,10396,,
701,9/13/2013,26:22.0,10397,,
702,9/13/2013,26:44.5,10398,,
703,9/13/2013,27:08.0,10399,,
704,9/13/2013,27:33.5,10400,,
705,9/13/2013,28:09.0,10401,,
706,9/13/2013,28:44.0,10402,,
707,9/13/2013,29:18.0,10403,,
708,9/13/2013,29:47.5,10404,,
709,9/13/2013,30:11.5,10405,,
710,9/13/2013,30:33.0,10406,,
711,9/13/2013,30:46.5,10407,,
712,9/13/2013,31:02.0,10408,,
713,9/13/2013,31:39.0,10409,,
714,9/13/2013,32:04.5,10410,,
715,9/13/2013,32:29.0,10411,,
716,9/13/2013,32:49.5,10412,,
717,9/13/2013,33:14.0,10413,,
718,9/13/2013,33:34.5,10414,,
719,9/13/2013,33:55.5,10415,,
720,9/13/2013,34:16.0,10416,,
721,9/13/2013,34:38.5,10417,,
722,9/13/2013,34:59.5,10418,,
723,9/13/2013,35:23.0,10419,,
724,9/13/2013,35:39.0,10420,,
725,9/13/2013,35:56.5,10421,,
726,9/13/2013,36:16.0,10422,,
727,9/13/2013,36:35.0,10423,,
728,9/13/2013,36:57.0,10424,,
729,9/13/2013,37:25.5,10425,,
730,9/13/2013,37:49.0,10426,,
731,9/13/2013,38:18.5,10427,,
732,9/13/2013,38:55.5,10428,,
733,9/13/2013,39:22.5,10429,,
734,9/13/2013,39:37.0,10430,,
735,9/13/2013,39:51.0,10431,,
736,9/13/2013,40:03.5,10432,,
737,9/13/2013,40:17.0,10433,,
738,9/13/2013,40:28.0,10434,,
739,9/13/2013,40:39.5,10435,,
740,9/13/2013,40:50.5,10436,,
741,9/13/2013,40:59.5,10437,,
742,9/13/2013,41:06.5,10438,,
743,9/13/2013,41:15.5,10439,,
744,9/13/2013,41:29.5,10440,,
745,9/13/2013,42:12.5,10441,,
746,9/13/2013,43:00.0,10442,,
747,9/13/2013,44:05.0,10443,,
748,9/13/2013,44:53.0,10444,,
749,9/13/2013,45:31.0,10445,,
750,9/13/2013,46:04.5,10446,,
751,9/13/2013,46:47.5,10447,,
752,9/13/2013,47:18.0,10448,,
753,9/13/2013,47:41.0,10449,,
754,9/13/2013,47:57.5,10450,,
755,9/13/2013,48:21.0,10451,,
756,9/13/2013,48:36.0,10452,,
757,9/13/2013,48:48.5,10453,,
758,9/13/2013,49:01.0,10454,,
759,9/13/2013,49:16.5,10455,,
760,9/13/2013,49:30.5,10456,,
761,9/13/2013,49:44.0,10457,,
762,9/13/2013,49:55.0,10458,,
763,9/13/2013,50:13.0,10459,,
764,9/13/2013,50:28.0,10460,,
765,9/13/2013,50:46.0,10461,,
766,9/13/2013,51:11.5,10462,,
767,9/13/2013,52:37.0,10463,,
768,9/13/2013,57:33.5,10464,,
769,9/14/2013,08:51.0,10465,,
770,9/14/2013,20:53.5,10466,,
771,9/14/2013,36:09.5,10467,,
772,9/14/2013,49:51.5,10468,,
773,9/14/2013,07:09.5,10469,,
774,9/14/2013,28:20.0,10470,,
775,9/14/2013,47:02.0,10471,,
776,9/14/2013,50:53.5,10472,,
777,9/14/2013,52:30.5,10473,,
778,9/14/2013,52:53.0,10474,,
779,9/14/2013,53:20.5,10475,,
780,9/14/2013,54:24.5,10476,,
781,9/14/2013,55:35.5,10477,,
782,9/14/2013,55:57.0,10478,,
783,9/14/2013,56:19.0,10479,,
784,9/14/2013,56:38.5,10480,,
785,9/14/2013,57:23.5,10481,,
786,9/14/2013,58:04.0,10482,,
787,9/14/2013,58:48.5,10483,,
788,9/14/2013,59:41.5,10484,,
789,9/14/2013,01:20.5,10485,,
790,9/14/2013,02:43.0,10486,,
791,9/14/2013,04:51.5,10487,,
792,9/14/2013,07:27.5,10488,,
793,9/14/2013,12:23.5,10489,,
794,9/14/2013,15:20.0,10490,,
795,9/14/2013,19:25.0,10491,,
796,9/14/2013,26:26.0,10492,,
797,9/14/2013,49:50.0,10493,,
798,9/14/2013,02:10.0,10494,,
799,9/14/2013,03:49.5,10495,,
800,9/14/2013,04:56.0,10496,,
801,9/14/2013,10:32.0,10497,,
802,9/14/2013,31:56.0,10498,,
803,9/14/2013,40:18.0,10499,,
804,9/14/2013,41:04.5,10500,,
805,9/14/2013,41:33.0,10501,,
806,9/14/2013,42:13.0,10502,,
807,9/14/2013,45:18.5,10503,,
808,9/14/2013,46:56.5,10504,,
809,9/14/2013,48:18.0,10505,,
810,9/14/2013,49:02.5,10506,,
811,9/14/2013,49:20.0,10507,,
812,9/14/2013,49:36.5,10508,,
813,9/14/2013,49:51.5,10509,,
814,9/14/2013,50:02.5,10510,,
815,9/14/2013,50:18.0,10511,,
816,9/14/2013,50:33.0,10512,,
817,9/14/2013,50:41.5,10513,,
818,9/14/2013,50:46.0,10514,,
819,9/14/2013,50:52.0,10515,,
820,9/14/2013,51:01.0,10516,,
821,9/14/2013,51:10.0,10517,,
822,9/14/2013,51:14.5,10518,,
823,9/14/2013,51:19.5,10519,,
824,9/14/2013,51:24.0,10520,,
825,9/14/2013,51:28.5,10521,,
826,9/14/2013,51:33.0,10522,,
827,9/14/2013,51:39.5,10523,,
828,9/14/2013,51:45.0,10524,,
829,9/14/2013,51:52.0,10525,,
830,9/14/2013,51:59.5,10526,,
831,9/14/2013,52:05.5,10527,,
832,9/14/2013,52:12.5,10528,,
833,9/14/2013,52:18.5,10529,,
834,9/14/2013,52:24.5,10530,,
835,9/14/2013,52:32.0,10531,,
836,9/14/2013,52:38.5,10532,,
837,9/14/2013,52:45.0,10533,,
838,9/14/2013,52:52.5,10534,,
839,9/14/2013,53:02.0,10535,,
840,9/14/2013,53:11.5,10536,,
841,9/14/2013,53:19.5,10537,,
842,9/14/2013,53:29.5,10538,,
843,9/14/2013,53:38.5,10539,,
844,9/14/2013,53:46.0,10540,,
845,9/14/2013,53:55.0,10541,,
846,9/14/2013,54:04.0,10542,,
847,9/14/2013,54:15.0,10543,,
848,9/14/2013,54:25.5,10544,,
849,9/14/2013,54:33.0,10545,,
850,9/14/2013,54:40.5,10546,,
851,9/14/2013,54:49.5,10547,,
852,9/14/2013,54:57.0,10548,,
853,9/14/2013,55:03.5,10549,,
854,9/14/2013,55:09.5,10550,,
855,9/14/2013,55:16.5,10551,,
856,9/14/2013,55:23.5,10552,,
857,9/14/2013,55:30.5,10553,,
858,9/14/2013,55:38.5,10554,,
859,9/14/2013,55:48.0,10555,,
860,9/14/2013,55:55.5,10556,,
861,9/14/2013,56:04.5,10557,,
862,9/14/2013,56:12.0,10558,,
863,9/14/2013,56:21.5,10559,,
864,9/14/2013,56:32.5,10560,,
865,9/14/2013,56:55.0,10561,,
866,9/14/2013,57:25.0,10562,,
867,9/14/2013,58:20.0,10563,,
868,9/14/2013,59:34.5,10564,,
869,9/14/2013,01:03.0,10565,,
870,9/14/2013,01:58.5,10566,,
871,9/14/2013,02:47.0,10567,,
872,9/14/2013,03:48.5,10568,,
873,9/14/2013,05:25.0,10569,,
874,9/14/2013,07:14.5,10570,,
875,9/14/2013,18:49.5,10571,,
876,9/14/2013,22:13.5,10572,,
877,9/14/2013,29:19.0,10573,,
878,9/14/2013,32:23.5,10574,,
879,9/14/2013,34:47.0,10575,,
880,9/14/2013,47:42.5,10576,,
881,9/14/2013,08:02.5,10577,,
882,9/14/2013,11:13.5,10578,,
883,9/14/2013,18:16.5,10579,,
884,9/14/2013,27:06.5,10580,,
885,9/14/2013,35:43.0,10581,,
886,9/14/2013,23:24.0,10582,,
887,9/15/2013,01:00.5,10583,,
888,9/17/2013,29:42.5,10584,,
889,9/22/2013,37:51.5,10585,,
890,9/22/2013,41:51.5,10586,,
891,9/22/2013,43:24.0,10587,,
892,9/22/2013,48:06.0,10588,,
893,9/22/2013,00:32.5,10589,,
894,9/22/2013,01:36.5,10590,,
895,9/22/2013,02:07.0,10591,,
896,9/22/2013,02:21.5,10592,,
897,9/22/2013,02:33.5,10593,,
898,9/22/2013,02:41.5,10594,,
899,9/22/2013,02:48.5,10595,,
900,9/22/2013,02:56.5,10596,,
901,9/22/2013,03:07.0,10597,,
902,9/22/2013,03:17.0,10598,,
903,9/22/2013,03:28.0,10599,,
904,9/22/2013,03:37.5,10600,,
905,9/22/2013,03:47.0,10601,,
906,9/22/2013,03:57.0,10602,,
907,9/22/2013,04:08.0,10603,,
908,9/22/2013,04:18.0,10604,,
909,9/22/2013,04:27.5,10605,,
910,9/22/2013,04:37.5,10606,,
911,9/22/2013,04:48.0,10607,,
912,9/22/2013,05:00.5,10608,,
913,9/22/2013,05:16.5,10609,,
914,9/22/2013,05:43.0,10610,,
915,9/22/2013,06:07.5,10611,,
916,9/22/2013,06:49.5,10612,,
917,9/22/2013,07:40.5,10613,,
918,9/22/2013,08:11.0,10614,,
919,9/22/2013,09:00.0,10615,,
920,9/22/2013,09:49.0,10616,,
921,9/22/2013,11:08.5,10617,,
922,9/22/2013,12:50.0,10618,,
923,9/22/2013,15:14.5,10619,,
924,9/22/2013,20:58.0,10620,,
925,9/22/2013,38:25.0,10621,,
926,9/26/2013,05:54.5,10622,,
927,9/27/2013,43:42.0,10623,,
928,9/27/2013,20:41.5,10624,,
929,10/10/2013,42:26.0,10625,,
930,10/10/2013,24:29.5,10626,,
931,10/10/2013,50:30.0,10627,,
932,10/10/2013,33:50.5,10628,,
933,10/10/2013,07:08.0,10629,,
934,10/10/2013,08:21.0,10630,,
935,10/10/2013,09:36.5,10631,,
936,10/10/2013,11:31.5,10632,,
937,10/10/2013,15:32.0,10633,,
938,10/10/2013,18:54.0,10634,,
939,10/10/2013,12:42.5,10635,,
940,10/10/2013,18:05.5,10636,,
941,10/10/2013,23:54.0,10637,,
942,10/10/2013,27:36.0,10638,,
943,10/10/2013,34:59.5,10639,,
944,10/10/2013,40:02.5,10640,,
945,10/10/2013,53:29.5,10641,,
946,10/10/2013,21:09.5,10642,,
947,10/10/2013,31:47.0,10643,,
948,10/10/2013,44:07.5,10644,,
949,10/10/2013,55:21.5,10645,,
950,10/10/2013,00:47.5,10646,,
951,10/10/2013,17:47.0,10647,,
952,10/10/2013,12:15.5,10648,,
953,10/10/2013,15:17.0,10649,,
954,10/13/2013,14:36.5,10650,,
955,10/13/2013,16:39.5,10651,,
956,10/13/2013,18:15.5,10652,,
957,10/13/2013,22:18.5,10653,,
958,10/13/2013,55:30.0,10654,,
959,10/13/2013,58:30.5,10655,,
960,10/13/2013,02:16.5,10656,,
961,10/13/2013,13:18.5,10657,,
962,10/13/2013,16:15.5,10658,,
963,10/13/2013,24:01.5,10659,,
964,10/14/2013,28:56.5,10660,,
965,10/29/2013,02:32.5,10661,,
966,10/29/2013,06:52.5,10662,,
967,10/29/2013,36:09.0,10663,,
968,10/29/2013,40:13.5,10664,,
969,10/29/2013,45:52.5,10665,,
970,10/29/2013,04:31.0,10666,,
971,10/29/2013,26:17.0,10667,,
972,10/30/2013,38:07.0,10668,,
973,10/30/2013,14:56.0,10669,,
974,10/30/2013,18:55.0,10670,,
975,10/31/2013,43:14.5,10671,,
976,11/20/2013,27:58.5,10672,,
977,11/20/2013,51:44.5,10673,,
978,11/20/2013,13:14.5,10674,,
979,11/20/2013,45:04.5,10675,,
980,11/20/2013,04:00.5,10676,,
981,11/20/2013,28:49.0,10677,,
982,11/20/2013,40:47.5,10678,,
983,11/20/2013,09:50.0,10679,,
984,11/20/2013,52:33.5,10680,,
985,11/21/2013,34:20.5,10681,,
986,11/21/2013,54:37.0,10682,,
987,11/21/2013,49:15.5,10683,,
988,11/21/2013,56:24.5,10684,,
989,11/21/2013,01:08.0,10685,,
990,11/21/2013,15:26.5,10686,,
991,11/21/2013,38:15.5,10687,,
992,11/21/2013,45:02.5,10688,,
993,11/21/2013,50:51.0,10689,,
994,11/21/2013,53:46.5,10690,,
995,11/21/2013,57:10.5,10691,,
996,11/21/2013,58:58.0,10692,,
997,11/21/2013,00:23.5,10693,,
998,11/21/2013,03:52.0,10694,,
999,11/21/2013,05:54.5,10695,,
1000,11/21/2013,07:03.0,10696,,
1001,11/21/2013,07:55.0,10697,,
1002,11/21/2013,09:02.5,10698,,
1003,11/21/2013,10:34.0,10699,,
1004,11/21/2013,12:00.5,10700,,
1005,11/21/2013,13:40.0,10701,,
1006,11/21/2013,15:56.0,10702,,
1007,11/21/2013,18:50.0,10703,,
1008,11/21/2013,21:47.5,10704,,
1009,11/21/2013,25:40.5,10705,,
1010,11/21/2013,30:36.0,10706,,
1011,11/21/2013,37:21.5,10707,,
1012,11/21/2013,41:56.5,10708,,
1013,11/21/2013,05:15.5,10709,,
1014,11/21/2013,12:03.5,10710,,
1015,11/21/2013,16:55.0,10711,,
1016,11/21/2013,21:15.5,10712,,
1017,11/21/2013,26:09.5,10713,,
1018,11/21/2013,31:51.5,10714,,
1019,11/21/2013,37:25.5,10715,,
1020,11/21/2013,55:00.0,10716,,
1021,11/21/2013,59:40.0,10717,,
1022,11/21/2013,05:15.5,10718,,
1023,11/21/2013,12:26.5,10719,,
1024,11/21/2013,13:18.0,10720,,
1025,11/21/2013,18:57.0,10721,,
1026,11/21/2013,23:31.0,10722,,
1027,11/21/2013,28:36.0,10723,,
1028,11/21/2013,30:12.0,10724,,
1029,11/21/2013,31:15.5,10725,,
1030,11/21/2013,31:58.5,10726,,
1031,11/21/2013,32:59.5,10727,,
1032,11/21/2013,33:30.0,10728,,
1033,11/21/2013,34:06.5,10729,,
1034,11/21/2013,34:33.5,10730,,
1035,11/21/2013,35:02.0,10731,,
1036,11/21/2013,35:43.0,10732,,
1037,11/21/2013,36:34.5,10733,,
1038,11/21/2013,37:39.5,10734,,
1039,11/21/2013,38:21.0,10735,,
1040,11/21/2013,39:07.0,10736,,
1041,11/21/2013,39:54.0,10737,,
1042,11/21/2013,40:44.5,10738,,
1043,11/21/2013,41:30.0,10739,,
1044,11/21/2013,42:14.5,10740,,
1045,11/21/2013,43:01.0,10741,,
1046,11/21/2013,44:26.5,10742,,
1047,11/21/2013,46:06.0,10743,,
1048,11/21/2013,47:09.0,10744,,
1049,11/21/2013,48:24.5,10745,,
1050,11/21/2013,49:31.5,10746,,
1051,11/21/2013,50:30.0,10747,,
1052,11/21/2013,52:02.0,10748,,
1053,11/21/2013,54:05.0,10749,,
1054,11/21/2013,55:46.5,10750,,
1055,11/21/2013,57:14.0,10751,,
1056,11/21/2013,58:37.5,10752,,
1057,11/21/2013,00:05.5,10753,,
1058,11/21/2013,03:55.0,10754,,
1059,11/21/2013,09:40.0,10755,,
1060,11/21/2013,15:18.5,10756,,
1061,11/21/2013,18:29.0,10757,,
1062,11/21/2013,25:29.0,10758,,
1063,11/21/2013,28:10.5,10759,,
1064,11/21/2013,29:16.0,10760,,
1065,11/21/2013,30:22.5,10761,,
1066,11/21/2013,31:41.0,10762,,
1067,11/21/2013,33:10.0,10763,,
1068,11/21/2013,34:28.0,10764,,
1069,11/21/2013,35:45.5,10765,,
1070,11/21/2013,36:44.0,10766,,
1071,11/21/2013,37:48.0,10767,,
1072,11/21/2013,38:56.0,10768,,
1073,11/21/2013,40:09.5,10769,,
1074,11/21/2013,41:49.0,10770,,
1075,11/21/2013,44:30.5,10771,,
1076,11/21/2013,47:42.0,10772,,
1077,11/21/2013,51:45.5,10773,,
1078,11/21/2013,18:28.5,10774,,
1079,11/21/2013,25:04.0,10775,,
1080,11/21/2013,29:55.5,10776,,
1081,11/21/2013,38:02.0,10777,,
1082,11/21/2013,41:21.5,10778,,
1083,11/21/2013,44:10.5,10779,,
1084,11/21/2013,46:19.5,10780,,
1085,11/21/2013,48:31.0,10781,,
1086,11/21/2013,51:04.5,10782,,
1087,11/21/2013,55:27.0,10783,,
1088,11/21/2013,03:08.5,10784,,
1089,11/21/2013,13:08.0,10785,,
1090,11/21/2013,17:47.0,10786,,
1091,11/21/2013,23:55.0,10787,,
1092,11/21/2013,28:52.5,10788,,
1093,11/21/2013,33:47.5,10789,,
1094,11/21/2013,37:56.5,10790,,
1095,11/21/2013,41:12.5,10791,,
1096,11/21/2013,44:02.0,10792,,
1097,11/21/2013,47:27.0,10793,,
1098,11/21/2013,50:34.5,10794,,
1099,11/21/2013,58:11.5,10795,,
1100,11/21/2013,11:16.5,10796,,
1101,11/21/2013,41:03.0,10797,,
1102,11/22/2013,32:41.0,10798,,
1103,11/22/2013,01:39.0,10799,,
1104,11/22/2013,06:46.5,10800,,
1105,11/22/2013,12:06.5,10801,,
1106,11/22/2013,17:45.5,10802,,
1107,11/22/2013,26:56.5,10803,,
1108,11/22/2013,43:36.5,10804,,
1109,11/22/2013,03:32.0,10805,,
1110,11/22/2013,06:45.0,10806,,
1111,11/22/2013,35:56.0,10807,,
1112,11/23/2013,47:03.0,10808,,
1113,11/23/2013,51:06.0,10809,,
1114,11/23/2013,35:37.5,10810,,
1115,11/23/2013,58:59.5,10811,,
1116,11/23/2013,58:09.0,10812,,
1117,11/23/2013,23:39.0,10813,,
1118,11/23/2013,45:11.5,10814,,
1119,11/23/2013,07:00.0,10815,,
1120,11/23/2013,23:30.0,10816,,
1121,11/23/2013,36:09.5,10817,,
1122,11/23/2013,45:04.5,10818,,
1123,11/23/2013,54:34.5,10819,,
1124,11/23/2013,03:40.0,10820,,
1125,11/23/2013,14:19.5,10821,,
1126,11/23/2013,26:02.0,10822,,
1127,11/23/2013,39:10.5,10823,,
1128,11/23/2013,52:25.5,10824,,
1129,11/23/2013,01:58.0,10825,,
1130,11/23/2013,08:57.0,10826,,
1131,11/23/2013,15:23.5,10827,,
1132,11/23/2013,20:07.0,10828,,
1133,11/23/2013,24:19.0,10829,,
1134,11/23/2013,28:19.0,10830,,
1135,11/23/2013,32:50.0,10831,,
1136,11/23/2013,37:04.5,10832,,
1137,11/23/2013,41:54.0,10833,,
1138,11/23/2013,46:46.0,10834,,
1139,11/23/2013,52:51.0,10835,,
1140,11/23/2013,59:09.5,10836,,
1141,11/23/2013,06:17.0,10837,,
1142,11/23/2013,13:21.5,10838,,
1143,11/23/2013,21:11.5,10839,,
1144,11/23/2013,27:42.5,10840,,
1145,11/23/2013,35:13.0,10841,,
1146,11/23/2013,41:56.0,10842,,
1147,11/23/2013,47:54.5,10843,,
1148,11/23/2013,53:52.0,10844,,
1149,11/23/2013,00:40.0,10845,,
1150,11/23/2013,06:44.0,10846,,
1151,11/23/2013,13:23.0,10847,,
1152,11/23/2013,18:34.0,10848,,
1153,11/23/2013,24:19.5,10849,,
1154,11/23/2013,30:01.5,10850,,
1155,11/23/2013,36:33.5,10851,,
1156,11/23/2013,43:00.5,10852,,
1157,11/23/2013,51:01.5,10853,,
1158,11/23/2013,59:02.0,10854,,
1159,11/23/2013,08:11.0,10855,,
1160,11/23/2013,17:05.0,10856,,
1161,11/23/2013,27:25.5,10857,,
1162,11/23/2013,37:16.0,10858,,
1163,11/23/2013,45:34.5,10859,,
1164,11/23/2013,56:32.0,10860,,
1165,11/23/2013,13:08.5,10861,,
1166,11/23/2013,25:09.0,10862,,
1167,11/23/2013,37:55.5,10863,,
1168,11/23/2013,52:11.0,10864,,
1169,11/23/2013,08:58.5,10865,,
1170,11/23/2013,24:15.0,10866,,
1171,11/23/2013,40:53.0,10867,,
1172,11/23/2013,56:52.5,10868,,
1173,11/23/2013,24:55.5,10869,,
1174,11/23/2013,01:38.5,10870,,
1175,11/23/2013,10:17.5,10871,,
1176,11/24/2013,18:09.5,10872,,
1177,11/24/2013,35:37.5,10873,,
1178,11/24/2013,02:43.5,10874,,
1179,11/24/2013,18:18.5,10875,,
1180,11/24/2013,29:28.5,10876,,
1181,11/24/2013,57:18.0,10877,,
1182,11/24/2013,20:27.5,10878,,
1183,11/24/2013,40:59.5,10879,,
1184,11/24/2013,56:27.0,10880,,
1185,11/24/2013,15:58.0,10881,,
1186,11/24/2013,31:51.0,10882,,
1187,11/24/2013,51:42.5,10883,,
1188,11/24/2013,26:16.5,10884,,
1189,11/24/2013,27:46.5,10885,,
1190,11/25/2013,21:46.0,10886,,
1191,11/25/2013,45:19.5,10887,,
1192,11/25/2013,00:45.5,10888,,
1193,11/25/2013,23:49.5,10889,,
1194,11/25/2013,40:37.5,10890,,
1195,11/25/2013,48:41.5,10891,,
1196,11/25/2013,58:29.5,10892,,
1197,11/25/2013,09:36.5,10893,,
1198,11/25/2013,22:19.0,10894,,
1199,11/25/2013,37:55.0,10895,,
1200,11/25/2013,51:40.5,10896,,
1201,11/25/2013,09:00.5,10897,,
1202,11/25/2013,29:08.5,10898,,
1203,11/25/2013,04:11.0,10899,,
1204,11/26/2013,32:58.5,10900,,
1205,11/28/2013,27:21.0,10901,,
1206,12/1/2013,00:23.0,10902,,
1207,12/4/2013,02:01.0,10903,,
1208,12/4/2013,14:35.5,10904,,
1209,12/4/2013,25:31.0,10905,,
1210,12/4/2013,54:14.0,10906,,
1211,12/4/2013,59:02.5,10907,,
1212,12/4/2013,04:33.5,10908,,
1213,12/4/2013,12:42.0,10909,,
1214,12/4/2013,22:56.0,10910,,
1215,12/4/2013,00:22.0,10911,,
1216,12/4/2013,28:59.5,10912,,
1217,12/5/2013,46:54.5,10913,,
1218,12/5/2013,08:24.5,10914,,
1219,12/8/2013,00:02.0,10915,,
1220,12/8/2013,56:22.0,10916,,
1221,12/8/2013,10:54.0,10917,,
1222,12/8/2013,25:17.5,10918,,
1223,12/8/2013,00:24.0,10919,,
1224,12/9/2013,15:15.5,10920,,
1225,12/10/2013,32:57.0,10921,,
1226,12/10/2013,57:50.0,10922,,
1227,12/10/2013,24:23.5,10923,,
1228,12/10/2013,47:17.5,10924,,
1229,12/10/2013,24:47.5,10925,,
1230,12/11/2013,40:02.0,10926,,
1231,12/11/2013,06:45.0,10927,,
1232,12/11/2013,35:09.5,10928,,
1233,12/11/2013,41:19.5,10929,,
1234,12/12/2013,38:41.5,10930,,
1235,12/17/2013,46:13.0,10931,,
1236,12/20/2013,30:28.0,10932,,
1237,12/20/2013,11:10.0,10933,,
1238,12/21/2013,17:16.0,10934,,
1239,1/30/2014,53:55.5,10935,,
1240,1/30/2014,01:15.5,10936,,
1241,1/30/2014,11:46.5,10937,,
1242,1/30/2014,25:09.0,10938,,
1243,1/30/2014,10:55.0,10939,,
1244,1/30/2014,47:52.5,10940,,
1245,1/31/2014,37:20.0,10941,,
1246,1/31/2014,01:00.5,10942,,
1247,1/31/2014,18:49.5,10943,,
1248,1/31/2014,38:24.0,10944,,
1249,1/31/2014,51:40.5,10945,,
1250,1/31/2014,54:37.0,10946,,
1251,1/31/2014,58:16.0,10947,,
1252,1/31/2014,02:40.5,10948,,
1253,1/31/2014,07:17.5,10949,,
1254,1/31/2014,12:28.0,10950,,
1255,1/31/2014,17:14.0,10951,,
1256,1/31/2014,23:01.5,10952,,
1257,1/31/2014,30:57.5,10953,,
1258,1/31/2014,41:49.5,10954,,
1259,1/31/2014,49:27.5,10955,,
1260,1/31/2014,55:23.0,10956,,
1261,1/31/2014,01:10.0,10957,,
1262,1/31/2014,06:43.0,10958,,
1263,1/31/2014,12:27.0,10959,,
1264,1/31/2014,18:53.5,10960,,
1265,1/31/2014,24:12.5,10961,,
1266,1/31/2014,30:50.5,10962,,
1267,1/31/2014,38:19.5,10963,,
1268,1/31/2014,46:28.5,10964,,
1269,1/31/2014,53:43.5,10965,,
1270,1/31/2014,01:01.0,10966,,
1271,1/31/2014,12:25.0,10967,,
1272,1/31/2014,27:26.0,10968,,
1273,1/31/2014,41:24.0,10969,,
1274,1/31/2014,57:23.0,10970,,
1275,1/31/2014,19:17.0,10971,,
1276,1/31/2014,05:26.5,10972,,
1277,2/1/2014,34:10.0,10973,,
1278,2/1/2014,31:19.5,10974,,
1279,2/1/2014,07:54.5,10975,,
1280,2/1/2014,26:10.5,10976,,
1281,2/1/2014,48:25.5,10977,,
1282,2/1/2014,03:03.5,10978,,
1283,2/1/2014,41:37.5,10979,,
1284,2/2/2014,10:33.0,10980,,
1285,2/2/2014,55:24.0,10981,,
1286,2/2/2014,06:09.0,10982,,
1287,2/2/2014,42:37.0,10983,,
1288,2/2/2014,44:30.0,10984,,
1289,2/3/2014,42:46.0,10985,,
1290,2/3/2014,15:50.0,10986,,
1291,2/3/2014,08:16.0,10987,,
1292,2/4/2014,50:29.5,10988,,
1293,2/4/2014,55:49.0,10989,,
1294,2/4/2014,05:36.5,10990,,
1295,2/4/2014,16:40.5,10991,,
1296,2/5/2014,30:27.0,10992,,
1297,2/5/2014,51:57.5,10993,,
1298,2/5/2014,20:40.0,10994,,
1299,2/7/2014,38:51.0,10995,,
1300,2/8/2014,20:41.0,10996,,
1301,2/27/2014,10:32.5,10997,,
1302,2/27/2014,23:56.0,10998,,
1303,2/27/2014,25:35.5,10999,,
1304,2/27/2014,26:44.5,11000,,
1305,2/27/2014,29:21.5,11001,,
1306,2/27/2014,39:41.5,11002,,
1307,2/27/2014,41:37.0,11003,,
1308,2/27/2014,45:24.5,11004,,
1309,2/27/2014,50:34.0,11005,,
1310,2/27/2014,56:31.0,11006,,
1311,2/27/2014,03:21.5,11007,,
1312,2/27/2014,11:15.0,11008,,
1313,2/27/2014,19:28.0,11009,,
1314,2/27/2014,26:50.5,11010,,
1315,2/27/2014,34:35.0,11011,,
1316,2/27/2014,42:01.5,11012,,
1317,2/27/2014,50:30.0,11013,,
1318,2/27/2014,02:10.0,11014,,
1319,2/27/2014,15:30.5,11015,,
1320,2/27/2014,35:02.0,11016,,
1321,2/27/2014,22:47.5,11017,,
1322,2/27/2014,53:33.0,11018,,
1323,2/27/2014,22:12.0,11019,,
1324,2/27/2014,37:53.0,11020,,
1325,2/27/2014,42:27.5,11021,,
1326,2/27/2014,47:14.5,11022,,
1327,2/27/2014,03:07.0,11023,,
1328,2/28/2014,45:34.5,11024,,
1329,2/28/2014,09:12.0,11025,,
1330,2/28/2014,21:12.0,11026,,
1331,2/28/2014,36:49.5,11027,,
1332,2/28/2014,49:53.5,11028,,
1333,2/28/2014,09:04.0,11029,,
1334,2/28/2014,16:12.5,11030,,
1335,3/1/2014,15:41.0,11031,,
1336,3/1/2014,29:09.5,11032,,
1337,3/1/2014,36:41.5,11033,,
1338,3/1/2014,44:33.0,11034,,
1339,3/1/2014,50:24.5,11035,,
1340,3/1/2014,54:43.0,11036,,
1341,3/1/2014,56:23.5,11037,,
1342,3/1/2014,58:39.0,11038,,
1343,3/1/2014,00:36.0,11039,,
1344,3/1/2014,02:04.5,11040,,
1345,3/1/2014,07:24.5,11041,,
1346,3/1/2014,08:12.0,11042,,
1347,3/1/2014,24:34.0,11043,,
1348,3/1/2014,29:32.5,11044,,
1349,3/1/2014,32:54.0,11045,,
1350,3/1/2014,35:11.0,11046,,
1351,3/1/2014,37:47.0,11047,,
1352,3/1/2014,40:17.5,11048,,
1353,3/1/2014,44:10.5,11049,,
1354,3/1/2014,47:42.5,11050,,
1355,3/1/2014,49:58.5,11051,,
1356,3/1/2014,51:56.0,11052,,
1357,3/1/2014,54:41.0,11053,,
1358,3/1/2014,00:44.0,11054,,
1359,3/1/2014,03:52.5,11055,,
1360,3/1/2014,07:00.0,11056,,
1361,3/1/2014,10:24.5,11057,,
1362,3/1/2014,18:58.0,11058,,
1363,3/1/2014,25:42.5,11059,,
1364,3/1/2014,28:19.5,11060,,
1365,3/1/2014,31:50.0,11061,,
1366,3/1/2014,49:23.0,11062,,
1367,3/1/2014,58:31.0,11063,,
1368,3/1/2014,03:22.5,11064,,
1369,3/1/2014,08:51.5,11065,,
1370,3/1/2014,14:05.5,11066,,
1371,3/1/2014,25:47.5,11067,,
1372,3/1/2014,31:30.0,11068,,
1373,3/1/2014,39:44.0,11069,,
1374,3/1/2014,44:46.0,11070,,
1375,3/1/2014,48:29.5,11071,,
1376,3/1/2014,43:26.0,11072,,
1377,3/7/2014,02:28.0,11073,,
1378,3/7/2014,06:38.5,11074,,
1379,3/7/2014,09:19.5,11075,,
1380,3/7/2014,11:38.5,11076,,
1381,3/7/2014,14:37.0,11077,,
1382,3/7/2014,21:21.5,11078,,
1383,3/7/2014,49:19.5,11079,,
1384,4/2/2014,06:29.5,11080,,
1385,4/13/2014,43:54.0,11081,,
1386,4/13/2014,16:19.5,11082,,
1387,4/13/2014,36:38.0,11083,,
1388,4/18/2014,46:53.0,11084,,
1389,4/19/2014,08:42.5,11085,,
1390,4/19/2014,38:28.5,11086,,
1391,4/19/2014,24:09.5,11087,,
1392,4/19/2014,33:47.0,11088,,
1393,4/19/2014,21:50.5,11089,,
1394,4/19/2014,59:59.0,11090,,
1395,4/19/2014,25:29.0,11091,,
1396,4/26/2014,28:04.5,11092,,
1397,4/26/2014,34:53.0,11093,,
1398,4/26/2014,57:51.0,11094,,
1399,4/26/2014,02:56.5,11095,,
1400,4/26/2014,12:23.0,11096,,
1401,4/26/2014,16:25.5,11097,,
1402,4/26/2014,19:22.0,11098,,
1403,4/26/2014,24:55.5,11099,,
1404,4/26/2014,30:16.0,11100,,
1405,4/26/2014,35:35.5,11101,,
1406,4/26/2014,42:30.5,11102,,
1407,4/26/2014,49:43.5,11103,,
1408,4/26/2014,56:49.5,11104,,
1409,4/26/2014,04:17.0,11105,,
1410,4/26/2014,09:46.0,11106,,
1411,4/26/2014,15:50.0,11107,,
1412,4/26/2014,22:24.0,11108,,
1413,4/26/2014,27:41.0,11109,,
1414,4/26/2014,31:08.5,11110,,
1415,4/26/2014,37:04.0,11111,,
1416,4/26/2014,44:08.0,11112,,
1417,4/26/2014,52:00.0,11113,,
1418,4/26/2014,55:44.0,11114,,
1419,4/26/2014,57:55.5,11115,,
1420,4/26/2014,00:35.5,11116,,
1421,4/26/2014,04:36.5,11117,,
1422,4/26/2014,10:15.0,11118,,
1423,4/26/2014,20:53.0,11119,,
1424,4/26/2014,37:25.5,11120,,
1425,4/26/2014,01:57.5,11121,,
1426,4/26/2014,52:37.0,11122,,
1427,4/26/2014,34:51.0,11123,,
1428,4/26/2014,40:34.0,11124,,
1429,4/26/2014,46:50.0,11125,,
1430,4/26/2014,00:03.5,11126,,
1431,4/26/2014,10:27.0,11127,,
1432,4/26/2014,17:27.5,11128,,
1433,4/26/2014,22:38.5,11129,,
1434,4/26/2014,27:17.5,11130,,
1435,4/26/2014,36:27.5,11131,,
1436,4/26/2014,48:18.5,11132,,
1437,4/26/2014,59:32.0,11133,,
1438,4/26/2014,07:38.5,11134,,
1439,4/27/2014,16:12.0,11135,,
1440,4/27/2014,39:04.5,11136,,
1441,4/27/2014,24:10.5,11137,,
1442,4/27/2014,02:19.5,11138,,
1443,4/27/2014,32:55.5,11139,,
1444,4/27/2014,02:19.5,11140,,
1445,4/27/2014,28:34.5,11141,,
1446,4/27/2014,40:53.5,11142,,
1447,4/27/2014,40:56.0,11143,,
1448,4/27/2014,41:07.0,11144,,
1449,4/27/2014,42:06.0,11145,,
1450,4/27/2014,43:18.5,11146,,
1451,4/27/2014,44:41.5,11147,,
1452,4/27/2014,46:11.0,11148,,
1453,4/27/2014,47:44.0,11149,,
1454,4/27/2014,49:15.0,11150,,
1455,4/27/2014,50:52.5,11151,,
1456,4/27/2014,52:35.5,11152,,
1457,4/27/2014,54:17.5,11153,,
1458,4/27/2014,56:02.5,11154,,
1459,4/27/2014,57:54.0,11155,,
1460,4/27/2014,59:33.0,11156,,
1461,4/27/2014,01:30.0,11157,,
1462,4/27/2014,03:16.5,11158,,
1463,4/27/2014,05:06.0,11159,,
1464,4/27/2014,07:04.0,11160,,
1465,4/27/2014,09:12.0,11161,,
1466,4/27/2014,11:09.0,11162,,
1467,4/27/2014,13:21.0,11163,,
1468,4/27/2014,15:23.0,11164,,
1469,4/27/2014,17:31.0,11165,,
1470,4/27/2014,19:40.0,11166,,
1471,4/27/2014,21:46.0,11167,,
1472,4/27/2014,23:50.0,11168,,
1473,4/27/2014,25:59.5,11169,,
1474,4/27/2014,28:21.0,11170,,
1475,4/27/2014,30:38.5,11171,,
1476,4/27/2014,33:03.0,11172,,
1477,4/27/2014,35:29.5,11173,,
1478,4/27/2014,38:03.5,11174,,
1479,4/27/2014,40:57.0,11175,,
1480,4/27/2014,43:38.0,11176,,
1481,4/27/2014,46:26.5,11177,,
1482,4/27/2014,49:22.5,11178,,
1483,4/27/2014,52:32.0,11179,,
1484,4/27/2014,55:37.5,11180,,
1485,4/27/2014,59:05.0,11181,,
1486,4/27/2014,02:35.0,11182,,
1487,4/27/2014,06:00.0,11183,,
1488,4/27/2014,10:06.0,11184,,
1489,4/27/2014,15:37.5,11185,,
1490,5/7/2014,07:57.0,11186,,
1491,5/10/2014,55:37.0,11187,,
1492,5/10/2014,57:01.0,11188,,
1493,5/10/2014,58:39.0,11189,,
1494,5/10/2014,02:17.5,11190,,
1495,5/10/2014,05:46.5,11191,,
1496,5/10/2014,18:51.5,11192,,
1497,5/10/2014,26:04.5,11193,,
1498,5/11/2014,53:25.0,11194,,
1499,5/11/2014,40:59.0,11195,,
1500,5/11/2014,42:05.5,11196,,
1501,5/11/2014,44:15.0,11197,,
1502,5/11/2014,56:03.5,11198,,
1503,5/11/2014,57:35.0,11199,,
1504,5/11/2014,58:34.5,11200,,
1505,5/11/2014,02:59.5,11201,,
1506,5/11/2014,28:19.0,11202,,
1507,5/11/2014,31:50.5,11203,,
1508,5/11/2014,34:23.0,11204,,
1509,5/11/2014,38:04.5,11205,,
1510,5/11/2014,41:33.5,11206,,
1511,5/11/2014,48:37.5,11207,,
1512,5/11/2014,05:49.5,11208,,
1513,5/11/2014,41:35.5,11209,,
1514,5/11/2014,48:40.5,11210,,
1515,5/11/2014,51:38.0,11211,,
1516,5/11/2014,41:29.5,11212,,
1517,5/11/2014,45:49.5,11213,,
1518,5/11/2014,49:43.0,11214,,
1519,5/11/2014,53:10.0,11215,,
1520,5/11/2014,00:29.0,11216,,
1521,5/11/2014,08:45.5,11217,,
1522,5/11/2014,09:06.0,11218,,
1523,5/23/2014,34:11.0,11219,,
1524,5/23/2014,38:41.5,11220,,
1525,5/24/2014,13:59.0,11221,,
1526,5/25/2014,07:00.5,11222,,
1527,5/25/2014,27:12.0,11223,,
1528,5/25/2014,46:41.5,11224,,
1529,5/25/2014,36:25.5,11225,,
1530,5/25/2014,51:05.5,11226,,
1531,5/25/2014,10:45.0,11227,,
1532,5/25/2014,23:42.5,11228,,
1533,5/25/2014,33:07.5,11229,,
1534,5/25/2014,43:24.0,11230,,
1535,5/25/2014,54:54.5,11231,,
1536,5/25/2014,12:31.0,11232,,
1537,5/25/2014,34:43.5,11233,,
1538,5/25/2014,44:26.5,11234,,
1539,5/25/2014,53:16.5,11235,,
1540,5/25/2014,12:44.5,11236,,
1541,5/25/2014,25:52.0,11237,,
1542,5/25/2014,36:43.5,11238,,
1543,5/25/2014,17:33.5,11239,,
1544,5/25/2014,44:11.0,11240,,
1545,5/25/2014,02:49.0,11241,,
1546,5/25/2014,17:59.0,11242,,
1547,5/25/2014,22:58.5,11243,,
1548,5/25/2014,00:07.5,11244,,
1549,5/25/2014,35:45.0,11245,,
1550,5/25/2014,19:40.5,11246,,
1551,5/25/2014,31:50.0,11247,,
1552,5/25/2014,38:16.5,11248,,
1553,5/25/2014,41:30.5,11249,,
1554,5/25/2014,44:56.0,11250,,
1555,5/25/2014,47:25.5,11251,,
1556,5/25/2014,48:58.5,11252,,
1557,5/25/2014,51:21.0,11253,,
1558,7/4/2014,55:37.5,11254,,
1559,7/4/2014,59:37.5,11255,,
1560,7/4/2014,00:24.0,11256,,
1561,7/4/2014,01:50.5,11257,,
1562,7/4/2014,04:01.0,11258,,
1563,7/4/2014,05:42.5,11259,,
1564,7/4/2014,08:20.0,11260,,
1565,7/4/2014,10:27.5,11261,,
1566,7/4/2014,22:28.5,11262,,
1567,7/4/2014,45:17.0,11263,,
1568,7/4/2014,33:17.5,11264,,
1569,7/4/2014,35:46.0,11265,,
1570,7/4/2014,40:30.0,11266,,
1571,7/5/2014,40:54.0,11267,,
1572,7/5/2014,46:54.5,11268,,
1573,7/5/2014,11:37.5,11269,,
1574,7/5/2014,20:07.5,11270,,
1575,7/5/2014,11:16.0,11271,,
1576,7/5/2014,22:48.5,11272,,
1577,7/5/2014,44:55.5,11273,,
1578,7/5/2014,03:02.0,11274,,
1579,7/6/2014,20:18.0,11275,,
1580,7/6/2014,22:53.0,11276,,
1581,7/6/2014,24:04.5,11277,,
1582,7/6/2014,25:12.5,11278,,
1583,7/6/2014,26:22.0,11279,,
1584,7/6/2014,42:22.5,11280,,
1585,7/7/2014,09:44.0,11281,,
1586,7/7/2014,10:10.5,11282,,
1587,7/7/2014,10:29.0,11283,,
1588,7/7/2014,10:46.5,11284,,
1589,7/7/2014,11:03.5,11285,,
1590,7/7/2014,11:21.0,11286,,
1591,7/7/2014,11:38.5,11287,,
1592,7/7/2014,11:58.5,11288,,
1593,7/7/2014,12:20.5,11289,,
1594,7/7/2014,12:55.0,11290,,
1595,7/7/2014,14:48.5,11291,,
1596,7/7/2014,16:09.5,11292,,
1597,7/7/2014,26:34.0,11293,,
1598,7/7/2014,30:54.0,11294,,
1599,7/7/2014,33:49.5,11295,,
1600,7/7/2014,38:31.5,11296,,
1601,7/7/2014,41:31.5,11297,,
1602,7/8/2014,00:06.5,11298,,
1603,7/8/2014,01:27.5,11299,,
1604,7/8/2014,02:05.0,11300,,
1605,7/8/2014,02:27.5,11301,,
1606,7/8/2014,02:47.0,11302,,
1607,7/8/2014,03:04.5,11303,,
1608,7/8/2014,03:28.0,11304,,
1609,7/8/2014,03:52.5,11305,,
1610,7/8/2014,04:23.5,11306,,
1611,7/8/2014,05:04.5,11307,,
1612,7/8/2014,06:13.0,11308,,
1613,7/8/2014,07:23.0,11309,,
1614,7/8/2014,08:17.0,11310,,
1615,7/8/2014,09:22.5,11311,,
1616,7/8/2014,11:34.0,11312,,
1617,7/8/2014,12:28.5,11313,,
1618,7/8/2014,13:50.0,11314,,
1619,7/8/2014,15:36.0,11315,,
1620,7/8/2014,21:09.0,11316,,
1621,7/8/2014,23:19.0,11317,,
1622,7/8/2014,24:59.5,11318,,
1623,7/8/2014,26:46.0,11319,,
1624,7/8/2014,28:37.5,11320,,
1625,7/8/2014,30:12.5,11321,,
1626,7/8/2014,32:03.5,11322,,
1627,7/8/2014,33:51.0,11323,,
1628,7/8/2014,36:25.5,11324,,
1629,7/8/2014,40:59.0,11325,,
1630,7/8/2014,52:23.0,11326,,
1631,7/8/2014,44:36.0,11327,,
1632,7/8/2014,11:08.5,11328,,
1633,7/9/2014,59:29.5,11329,,
1634,7/9/2014,59:55.0,11330,,
