Plot Title: B01 Mesa Top,,,,,
RID,Date,Time,Event,Details1,Details2
1,6/11/2013,38:45.0,7923,Details,
2,7/6/2013,13:17.5,7924,Series: Events (1.0), Units
3,7/6/2013,33:11.5,7925,Devices,
4,7/7/2013,09:12.5,7926,Device Info,
5,7/11/2013,28:27.0,7927,Product: H07 Logger,
6,7/11/2013,28:59.5,7928,Serial Number: 9913373,
7,7/11/2013,29:26.5,7929,Version Number: 0.00,
8,7/11/2013,29:50.0,7930,Manufacturer: Onset Computer Corporation,
9,7/11/2013,30:11.5,7931,Device Memory: 32768,
10,7/11/2013,30:36.0,7932,Header Created: 05/24/18 05:06:37 PM GMT-06:00,
11,7/11/2013,31:02.5,7933,Deployment Info,
12,7/11/2013,31:31.5,7934,Full Series Name: Events (1.0), Units
13,7/11/2013,45:52.0,7935,Launch Name: B01 Mesa Top,
14,7/12/2013,56:20.0,7936,Deployment Number: 3,
15,7/12/2013,57:37.0,7937,Launch Time: 06/11/13 10:38:45 AM GMT-06:00,
16,7/12/2013,58:09.5,7938,Launch GMT Offset: -6 Hr 0 Min,
17,7/12/2013,58:45.5,7939,Battery at Launch: Unknown,
18,7/12/2013,59:10.5,7940,Series Statistics,
19,7/12/2013,59:40.5,7941,Samples: 1,775
20,7/12/2013,00:14.5,7942,First Sample Time: 06/11/13 10:38:45 AM GMT-06:00,
21,7/12/2013,00:56.0,7943,Last Sample Time: 07/09/14 10:23:57 AM GMT-06:00,
22,7/12/2013,01:39.5,7944,,
23,7/12/2013,02:32.5,7945,,
24,7/12/2013,03:35.0,7946,,
25,7/12/2013,04:54.5,7947,,
26,7/12/2013,05:47.0,7948,,
27,7/12/2013,06:20.0,7949,,
28,7/12/2013,06:52.5,7950,,
29,7/12/2013,07:16.0,7951,,
30,7/12/2013,07:36.0,7952,,
31,7/12/2013,07:52.5,7953,,
32,7/12/2013,08:10.0,7954,,
33,7/12/2013,08:26.5,7955,,
34,7/12/2013,08:47.0,7956,,
35,7/12/2013,09:08.0,7957,,
36,7/12/2013,09:36.0,7958,,
37,7/12/2013,10:21.5,7959,,
38,7/12/2013,11:49.5,7960,,
39,7/12/2013,28:25.5,7961,,
40,7/12/2013,33:40.0,7962,,
41,7/12/2013,37:13.0,7963,,
42,7/12/2013,39:57.5,7964,,
43,7/12/2013,42:39.5,7965,,
44,7/12/2013,45:56.0,7966,,
45,7/12/2013,50:16.5,7967,,
46,7/12/2013,55:53.5,7968,,
47,7/12/2013,01:17.5,7969,,
48,7/14/2013,33:36.0,7970,,
49,7/14/2013,34:15.5,7971,,
50,7/14/2013,35:54.5,7972,,
51,7/14/2013,37:28.0,7973,,
52,7/14/2013,38:25.0,7974,,
53,7/14/2013,41:20.5,7975,,
54,7/15/2013,52:42.5,7976,,
55,7/15/2013,34:15.5,7977,,
56,7/15/2013,50:55.5,7978,,
57,7/16/2013,07:54.5,7979,,
58,7/16/2013,49:21.0,7980,,
59,7/16/2013,20:40.5,7981,,
60,7/18/2013,01:55.5,7982,,
61,7/18/2013,03:02.5,7983,,
62,7/18/2013,04:44.5,7984,,
63,7/18/2013,05:55.0,7985,,
64,7/18/2013,06:52.5,7986,,
65,7/18/2013,08:00.5,7987,,
66,7/18/2013,09:31.0,7988,,
67,7/18/2013,10:14.0,7989,,
68,7/18/2013,10:47.0,7990,,
69,7/18/2013,11:32.0,7991,,
70,7/18/2013,12:22.0,7992,,
71,7/18/2013,13:23.0,7993,,
72,7/18/2013,14:05.0,7994,,
73,7/18/2013,14:43.5,7995,,
74,7/18/2013,15:33.5,7996,,
75,7/18/2013,16:33.0,7997,,
76,7/18/2013,17:23.0,7998,,
77,7/18/2013,19:02.0,7999,,
78,7/18/2013,20:01.0,8000,,
79,7/18/2013,21:09.5,8001,,
80,7/18/2013,22:03.0,8002,,
81,7/18/2013,22:48.0,8003,,
82,7/18/2013,23:30.0,8004,,
83,7/18/2013,26:04.0,8005,,
84,7/18/2013,33:48.5,8006,,
85,7/19/2013,37:23.5,8007,,
86,7/19/2013,38:05.0,8008,,
87,7/19/2013,38:32.5,8009,,
88,7/19/2013,39:02.5,8010,,
89,7/19/2013,39:50.0,8011,,
90,7/19/2013,40:51.5,8012,,
91,7/19/2013,44:22.5,8013,,
92,7/19/2013,45:15.0,8014,,
93,7/19/2013,45:47.0,8015,,
94,7/19/2013,46:13.5,8016,,
95,7/19/2013,46:43.5,8017,,
96,7/19/2013,47:11.5,8018,,
97,7/19/2013,48:21.5,8019,,
98,7/19/2013,49:30.0,8020,,
99,7/19/2013,55:15.0,8021,,
100,7/21/2013,52:39.0,8022,,
101,7/21/2013,54:15.0,8023,,
102,7/21/2013,54:58.5,8024,,
103,7/21/2013,55:26.5,8025,,
104,7/21/2013,56:04.5,8026,,
105,7/21/2013,57:06.5,8027,,
106,7/21/2013,58:46.5,8028,,
107,7/21/2013,00:04.5,8029,,
108,7/21/2013,04:48.0,8030,,
109,7/22/2013,28:54.0,8031,,
110,7/22/2013,29:51.5,8032,,
111,7/22/2013,30:18.0,8033,,
112,7/22/2013,30:46.0,8034,,
113,7/22/2013,31:06.5,8035,,
114,7/22/2013,31:28.0,8036,,
115,7/22/2013,32:05.0,8037,,
116,7/22/2013,32:28.5,8038,,
117,7/22/2013,32:41.5,8039,,
118,7/22/2013,33:01.5,8040,,
119,7/22/2013,33:29.5,8041,,
120,7/22/2013,34:03.5,8042,,
121,7/22/2013,34:24.5,8043,,
122,7/22/2013,34:39.0,8044,,
123,7/22/2013,34:53.0,8045,,
124,7/22/2013,35:12.5,8046,,
125,7/22/2013,35:25.5,8047,,
126,7/22/2013,35:43.5,8048,,
127,7/22/2013,36:03.0,8049,,
128,7/22/2013,36:24.5,8050,,
129,7/22/2013,37:01.0,8051,,
130,7/22/2013,37:47.0,8052,,
131,7/22/2013,38:26.5,8053,,
132,7/22/2013,39:41.5,8054,,
133,7/22/2013,41:07.5,8055,,
134,7/22/2013,43:14.0,8056,,
135,7/27/2013,02:32.0,8057,,
136,7/27/2013,10:16.5,8058,,
137,7/27/2013,11:55.0,8059,,
138,7/27/2013,14:04.0,8060,,
139,7/27/2013,15:08.5,8061,,
140,7/27/2013,17:02.5,8062,,
141,7/27/2013,24:14.0,8063,,
142,7/27/2013,25:21.5,8064,,
143,7/27/2013,25:46.0,8065,,
144,7/27/2013,25:59.5,8066,,
145,7/27/2013,26:13.5,8067,,
146,7/27/2013,26:34.0,8068,,
147,7/27/2013,26:55.0,8069,,
148,7/27/2013,27:37.5,8070,,
149,7/27/2013,28:02.0,8071,,
150,7/27/2013,28:27.5,8072,,
151,7/27/2013,28:48.0,8073,,
152,7/27/2013,29:12.5,8074,,
153,7/27/2013,29:35.0,8075,,
154,7/27/2013,30:08.5,8076,,
155,7/27/2013,30:52.5,8077,,
156,7/27/2013,31:25.0,8078,,
157,7/27/2013,31:56.0,8079,,
158,7/27/2013,32:40.0,8080,,
159,7/27/2013,33:38.0,8081,,
160,7/27/2013,34:51.5,8082,,
161,7/27/2013,35:19.5,8083,,
162,7/27/2013,36:05.5,8084,,
163,7/27/2013,37:00.5,8085,,
164,7/27/2013,13:50.5,8086,,
165,7/27/2013,17:58.0,8087,,
166,7/27/2013,29:47.0,8088,,
167,8/1/2013,00:27.0,8089,,
168,8/1/2013,19:09.5,8090,,
169,8/5/2013,59:14.5,8091,,
170,8/8/2013,53:01.5,8092,,
171,8/8/2013,56:30.0,8093,,
172,8/8/2013,18:29.5,8094,,
173,8/10/2013,16:00.5,8095,,
174,8/10/2013,32:11.0,8096,,
175,8/17/2013,37:29.0,8097,,
176,8/19/2013,54:38.5,8098,,
177,8/19/2013,55:05.0,8099,,
178,8/19/2013,55:31.5,8100,,
179,8/19/2013,55:55.5,8101,,
180,8/19/2013,56:19.5,8102,,
181,8/19/2013,56:44.0,8103,,
182,8/19/2013,57:10.0,8104,,
183,8/19/2013,57:28.0,8105,,
184,8/19/2013,57:42.5,8106,,
185,8/19/2013,58:09.5,8107,,
186,8/19/2013,58:42.5,8108,,
187,8/19/2013,59:10.0,8109,,
188,8/19/2013,59:23.5,8110,,
189,8/19/2013,59:30.5,8111,,
190,8/19/2013,59:36.5,8112,,
191,8/19/2013,59:41.0,8113,,
192,8/19/2013,59:45.5,8114,,
193,8/19/2013,59:51.0,8115,,
194,8/19/2013,59:56.5,8116,,
195,8/19/2013,00:03.5,8117,,
196,8/19/2013,00:14.5,8118,,
197,8/19/2013,00:27.0,8119,,
198,8/19/2013,00:40.5,8120,,
199,8/19/2013,00:47.0,8121,,
200,8/19/2013,00:52.0,8122,,
201,8/19/2013,00:56.5,8123,,
202,8/19/2013,01:01.5,8124,,
203,8/19/2013,01:07.5,8125,,
204,8/19/2013,01:16.0,8126,,
205,8/19/2013,01:25.0,8127,,
206,8/19/2013,01:37.5,8128,,
207,8/19/2013,01:49.5,8129,,
208,8/19/2013,01:57.0,8130,,
209,8/19/2013,02:05.0,8131,,
210,8/19/2013,02:14.0,8132,,
211,8/19/2013,02:20.5,8133,,
212,8/19/2013,02:31.0,8134,,
213,8/19/2013,02:44.0,8135,,
214,8/19/2013,02:56.0,8136,,
215,8/19/2013,03:11.5,8137,,
216,8/19/2013,03:25.0,8138,,
217,8/19/2013,03:30.0,8139,,
218,8/19/2013,03:36.0,8140,,
219,8/19/2013,03:41.5,8141,,
220,8/19/2013,03:46.0,8142,,
221,8/19/2013,03:53.0,8143,,
222,8/19/2013,04:00.5,8144,,
223,8/19/2013,04:06.0,8145,,
224,8/19/2013,04:11.0,8146,,
225,8/19/2013,04:16.0,8147,,
226,8/19/2013,04:21.0,8148,,
227,8/19/2013,04:26.0,8149,,
228,8/19/2013,04:31.0,8150,,
229,8/19/2013,04:36.0,8151,,
230,8/19/2013,04:42.5,8152,,
231,8/19/2013,04:49.5,8153,,
232,8/19/2013,04:57.0,8154,,
233,8/19/2013,05:01.0,8155,,
234,8/19/2013,05:05.0,8156,,
235,8/19/2013,05:11.5,8157,,
236,8/19/2013,05:17.0,8158,,
237,8/19/2013,05:22.0,8159,,
238,8/19/2013,05:28.5,8160,,
239,8/19/2013,05:38.5,8161,,
240,8/19/2013,05:45.0,8162,,
241,8/19/2013,05:56.0,8163,,
242,8/19/2013,06:06.0,8164,,
243,8/19/2013,06:19.0,8165,,
244,8/19/2013,06:29.0,8166,,
245,8/19/2013,06:42.0,8167,,
246,8/19/2013,06:49.0,8168,,
247,8/19/2013,06:57.5,8169,,
248,8/19/2013,07:07.5,8170,,
249,8/19/2013,07:23.0,8171,,
250,8/19/2013,07:35.0,8172,,
251,8/19/2013,07:54.5,8173,,
252,8/19/2013,08:06.0,8174,,
253,8/19/2013,08:19.0,8175,,
254,8/19/2013,08:46.5,8176,,
255,8/19/2013,08:53.0,8177,,
256,8/19/2013,09:05.0,8178,,
257,8/19/2013,09:22.5,8179,,
258,8/19/2013,09:41.5,8180,,
259,8/19/2013,09:49.0,8181,,
260,8/19/2013,09:55.0,8182,,
261,8/19/2013,10:03.5,8183,,
262,8/19/2013,10:15.5,8184,,
263,8/19/2013,10:26.0,8185,,
264,8/19/2013,10:39.0,8186,,
265,8/19/2013,10:50.5,8187,,
266,8/19/2013,10:59.5,8188,,
267,8/19/2013,11:11.0,8189,,
268,8/19/2013,11:24.5,8190,,
269,8/19/2013,11:31.0,8191,,
270,8/19/2013,11:38.5,8192,,
271,8/19/2013,11:44.5,8193,,
272,8/19/2013,11:54.0,8194,,
273,8/19/2013,12:03.5,8195,,
274,8/19/2013,12:12.0,8196,,
275,8/19/2013,12:22.5,8197,,
276,8/19/2013,12:28.5,8198,,
277,8/19/2013,12:36.0,8199,,
278,8/19/2013,12:42.0,8200,,
279,8/19/2013,12:50.5,8201,,
280,8/19/2013,12:56.5,8202,,
281,8/19/2013,13:06.0,8203,,
282,8/19/2013,13:09.0,8204,,
283,8/19/2013,13:17.5,8205,,
284,8/19/2013,13:38.0,8206,,
285,8/19/2013,13:52.0,8207,,
286,8/19/2013,14:02.5,8208,,
287,8/19/2013,14:14.0,8209,,
288,8/19/2013,14:36.0,8210,,
289,8/19/2013,15:02.0,8211,,
290,8/19/2013,15:24.5,8212,,
291,8/19/2013,15:36.0,8213,,
292,8/19/2013,15:47.0,8214,,
293,8/19/2013,15:57.5,8215,,
294,8/19/2013,16:08.0,8216,,
295,8/19/2013,16:25.5,8217,,
296,8/19/2013,17:09.5,8218,,
297,8/19/2013,19:00.0,8219,,
298,8/19/2013,20:10.0,8220,,
299,8/19/2013,21:06.0,8221,,
300,8/19/2013,21:36.0,8222,,
301,8/19/2013,22:04.5,8223,,
302,8/19/2013,22:35.5,8224,,
303,8/19/2013,23:28.0,8225,,
304,8/19/2013,25:26.0,8226,,
305,8/19/2013,27:07.0,8227,,
306,8/19/2013,27:53.0,8228,,
307,8/19/2013,29:15.0,8229,,
308,8/19/2013,33:49.0,8230,,
309,8/19/2013,24:48.5,8231,,
310,8/21/2013,39:50.0,8232,,
311,8/21/2013,59:51.0,8233,,
312,8/21/2013,25:20.0,8234,,
313,8/23/2013,11:42.0,8235,,
314,8/23/2013,12:23.5,8236,,
315,8/23/2013,12:43.0,8237,,
316,8/23/2013,13:15.0,8238,,
317,8/23/2013,18:17.5,8239,,
318,8/23/2013,55:28.0,8240,,
319,8/23/2013,56:35.0,8241,,
320,8/23/2013,57:45.5,8242,,
321,8/23/2013,58:49.5,8243,,
322,8/23/2013,59:44.0,8244,,
323,8/23/2013,02:09.0,8245,,
324,8/23/2013,00:35.5,8246,,
325,8/23/2013,03:07.0,8247,,
326,8/23/2013,04:17.5,8248,,
327,8/23/2013,05:23.0,8249,,
328,8/23/2013,06:12.0,8250,,
329,8/23/2013,07:34.0,8251,,
330,8/23/2013,09:16.0,8252,,
331,8/23/2013,10:33.5,8253,,
332,8/23/2013,11:55.5,8254,,
333,8/23/2013,13:03.5,8255,,
334,8/23/2013,15:16.0,8256,,
335,8/23/2013,19:32.0,8257,,
336,8/23/2013,26:41.0,8258,,
337,8/24/2013,44:43.0,8259,,
338,8/24/2013,53:51.5,8260,,
339,8/24/2013,01:01.5,8261,,
340,8/24/2013,09:04.0,8262,,
341,8/24/2013,11:17.5,8263,,
342,8/24/2013,15:04.5,8264,,
343,8/24/2013,19:27.0,8265,,
344,8/24/2013,24:30.5,8266,,
345,8/24/2013,36:27.5,8267,,
346,8/25/2013,03:25.5,8268,,
347,8/25/2013,15:00.0,8269,,
348,8/25/2013,08:41.5,8270,,
349,8/25/2013,15:43.5,8271,,
350,8/25/2013,19:12.0,8272,,
351,8/25/2013,22:45.5,8273,,
352,8/25/2013,24:55.5,8274,,
353,8/25/2013,27:33.5,8275,,
354,8/25/2013,29:39.0,8276,,
355,8/25/2013,43:15.5,8277,,
356,8/25/2013,02:22.5,8278,,
357,8/25/2013,14:56.0,8279,,
358,8/25/2013,19:48.5,8280,,
359,8/25/2013,23:59.0,8281,,
360,8/25/2013,27:19.0,8282,,
361,8/25/2013,30:15.0,8283,,
362,8/25/2013,32:18.0,8284,,
363,8/25/2013,35:07.5,8285,,
364,8/25/2013,36:36.5,8286,,
365,8/25/2013,37:42.5,8287,,
366,8/25/2013,38:45.0,8288,,
367,8/25/2013,40:03.5,8289,,
368,8/25/2013,41:54.0,8290,,
369,8/25/2013,43:19.5,8291,,
370,8/25/2013,45:37.5,8292,,
371,8/25/2013,47:19.5,8293,,
372,8/25/2013,52:11.5,8294,,
373,8/25/2013,57:58.0,8295,,
374,8/25/2013,02:35.0,8296,,
375,8/25/2013,09:49.5,8297,,
376,8/25/2013,19:34.0,8298,,
377,8/25/2013,42:40.0,8299,,
378,8/25/2013,56:31.5,8300,,
379,8/25/2013,57:51.0,8301,,
380,8/25/2013,59:00.0,8302,,
381,8/25/2013,06:25.0,8303,,
382,8/25/2013,33:58.0,8304,,
383,8/25/2013,36:48.5,8305,,
384,8/25/2013,23:07.0,8306,,
385,8/25/2013,32:27.5,8307,,
386,8/25/2013,41:37.5,8308,,
387,8/25/2013,51:26.0,8309,,
388,8/25/2013,55:24.5,8310,,
389,8/25/2013,58:28.5,8311,,
390,8/25/2013,04:05.5,8312,,
391,8/25/2013,13:25.5,8313,,
392,8/25/2013,16:55.5,8314,,
393,8/25/2013,21:40.0,8315,,
394,8/25/2013,24:16.5,8316,,
395,8/25/2013,26:09.0,8317,,
396,8/25/2013,34:05.5,8318,,
397,8/25/2013,47:35.0,8319,,
398,8/25/2013,41:30.5,8320,,
399,8/25/2013,37:00.0,8321,,
400,8/26/2013,03:42.0,8322,,
401,8/26/2013,13:01.0,8323,,
402,8/26/2013,57:25.5,8324,,
403,8/26/2013,31:26.0,8325,,
404,8/26/2013,49:38.0,8326,,
405,8/26/2013,32:28.5,8327,,
406,8/26/2013,45:10.0,8328,,
407,8/26/2013,47:09.0,8329,,
408,8/26/2013,47:58.5,8330,,
409,8/26/2013,48:18.5,8331,,
410,8/26/2013,48:46.0,8332,,
411,8/26/2013,49:33.5,8333,,
412,8/26/2013,50:17.5,8334,,
413,8/26/2013,50:41.5,8335,,
414,8/26/2013,51:19.0,8336,,
415,8/26/2013,52:12.5,8337,,
416,8/26/2013,52:30.5,8338,,
417,8/26/2013,52:52.5,8339,,
418,8/26/2013,53:42.5,8340,,
419,8/26/2013,54:36.0,8341,,
420,8/26/2013,55:16.0,8342,,
421,8/26/2013,14:59.5,8343,,
422,8/26/2013,11:45.5,8344,,
423,8/26/2013,13:03.5,8345,,
424,8/26/2013,19:45.5,8346,,
425,8/26/2013,39:03.0,8347,,
426,8/26/2013,43:47.5,8348,,
427,8/26/2013,47:40.0,8349,,
428,8/26/2013,53:19.5,8350,,
429,8/26/2013,10:12.0,8351,,
430,8/26/2013,10:33.0,8352,,
431,8/26/2013,11:06.0,8353,,
432,8/26/2013,11:32.5,8354,,
433,8/26/2013,12:06.0,8355,,
434,8/26/2013,13:25.0,8356,,
435,8/26/2013,14:00.5,8357,,
436,8/26/2013,15:01.0,8358,,
437,8/26/2013,15:57.5,8359,,
438,8/26/2013,16:34.0,8360,,
439,8/26/2013,17:09.0,8361,,
440,8/26/2013,18:00.0,8362,,
441,8/26/2013,18:36.5,8363,,
442,8/26/2013,18:57.5,8364,,
443,8/26/2013,19:24.5,8365,,
444,8/26/2013,19:52.5,8366,,
445,8/26/2013,20:21.5,8367,,
446,8/26/2013,20:54.0,8368,,
447,8/26/2013,21:27.5,8369,,
448,8/26/2013,22:05.5,8370,,
449,8/26/2013,23:11.0,8371,,
450,8/26/2013,24:23.0,8372,,
451,8/26/2013,25:52.0,8373,,
452,8/26/2013,28:07.0,8374,,
453,8/26/2013,36:07.5,8375,,
454,8/26/2013,47:40.0,8376,,
455,8/27/2013,24:28.0,8377,,
456,8/27/2013,25:18.5,8378,,
457,8/27/2013,25:56.0,8379,,
458,8/27/2013,32:10.5,8380,,
459,8/27/2013,03:13.5,8381,,
460,8/27/2013,04:45.5,8382,,
461,8/27/2013,12:22.0,8383,,
462,8/27/2013,15:32.5,8384,,
463,8/31/2013,23:49.0,8385,,
464,8/31/2013,24:43.5,8386,,
465,8/31/2013,25:46.0,8387,,
466,8/31/2013,26:50.0,8388,,
467,8/31/2013,27:59.5,8389,,
468,8/31/2013,29:13.5,8390,,
469,8/31/2013,29:49.5,8391,,
470,8/31/2013,30:17.0,8392,,
471,8/31/2013,30:37.0,8393,,
472,8/31/2013,30:54.0,8394,,
473,8/31/2013,31:14.5,8395,,
474,8/31/2013,31:34.0,8396,,
475,8/31/2013,31:59.5,8397,,
476,8/31/2013,32:27.0,8398,,
477,8/31/2013,32:59.5,8399,,
478,8/31/2013,33:31.5,8400,,
479,8/31/2013,34:04.0,8401,,
480,8/31/2013,35:04.5,8402,,
481,8/31/2013,36:28.5,8403,,
482,8/31/2013,37:10.5,8404,,
483,8/31/2013,37:39.5,8405,,
484,8/31/2013,37:51.5,8406,,
485,8/31/2013,38:00.5,8407,,
486,8/31/2013,38:09.0,8408,,
487,8/31/2013,38:20.0,8409,,
488,8/31/2013,38:32.5,8410,,
489,8/31/2013,38:41.5,8411,,
490,8/31/2013,38:50.0,8412,,
491,8/31/2013,39:02.5,8413,,
492,8/31/2013,39:18.0,8414,,
493,8/31/2013,39:34.5,8415,,
494,8/31/2013,39:56.5,8416,,
495,8/31/2013,40:17.0,8417,,
496,8/31/2013,40:23.0,8418,,
497,8/31/2013,40:29.0,8419,,
498,8/31/2013,40:34.5,8420,,
499,8/31/2013,40:41.5,8421,,
500,8/31/2013,40:47.0,8422,,
501,8/31/2013,40:52.5,8423,,
502,8/31/2013,40:59.0,8424,,
503,8/31/2013,41:05.0,8425,,
504,8/31/2013,41:13.0,8426,,
505,8/31/2013,41:23.5,8427,,
506,8/31/2013,41:42.5,8428,,
507,8/31/2013,42:20.0,8429,,
508,8/31/2013,43:47.5,8430,,
509,8/31/2013,45:22.5,8431,,
510,8/31/2013,46:22.5,8432,,
511,8/31/2013,47:42.0,8433,,
512,8/31/2013,48:37.5,8434,,
513,8/31/2013,50:54.0,8435,,
514,8/31/2013,52:21.0,8436,,
515,9/1/2013,28:41.5,8437,,
516,9/3/2013,53:20.0,8438,,
517,9/3/2013,01:28.5,8439,,
518,9/3/2013,04:58.0,8440,,
519,9/8/2013,33:48.0,8441,,
520,9/8/2013,43:12.5,8442,,
521,9/8/2013,56:32.5,8443,,
522,9/8/2013,08:32.0,8444,,
523,9/8/2013,40:24.0,8445,,
524,9/9/2013,56:52.0,8446,,
525,9/9/2013,13:26.0,8447,,
526,9/9/2013,16:50.5,8448,,
527,9/9/2013,22:02.0,8449,,
528,9/9/2013,29:15.0,8450,,
529,9/9/2013,33:37.5,8451,,
530,9/9/2013,36:18.5,8452,,
531,9/9/2013,40:53.0,8453,,
532,9/9/2013,44:19.5,8454,,
533,9/9/2013,48:27.0,8455,,
534,9/9/2013,54:00.5,8456,,
535,9/9/2013,58:09.0,8457,,
536,9/9/2013,01:34.5,8458,,
537,9/9/2013,09:37.5,8459,,
538,9/9/2013,13:35.5,8460,,
539,9/9/2013,17:46.0,8461,,
540,9/9/2013,19:30.5,8462,,
541,9/9/2013,21:20.5,8463,,
542,9/9/2013,22:22.5,8464,,
543,9/9/2013,26:16.5,8465,,
544,9/9/2013,32:46.0,8466,,
545,9/9/2013,49:14.5,8467,,
546,9/9/2013,03:43.0,8468,,
547,9/9/2013,05:26.0,8469,,
548,9/9/2013,06:17.0,8470,,
549,9/9/2013,06:33.5,8471,,
550,9/9/2013,06:49.5,8472,,
551,9/9/2013,07:04.0,8473,,
552,9/9/2013,07:20.0,8474,,
553,9/9/2013,07:40.5,8475,,
554,9/9/2013,08:00.5,8476,,
555,9/9/2013,08:24.5,8477,,
556,9/9/2013,08:49.0,8478,,
557,9/9/2013,09:32.5,8479,,
558,9/9/2013,10:13.0,8480,,
559,9/9/2013,11:02.0,8481,,
560,9/9/2013,11:51.0,8482,,
561,9/9/2013,12:44.0,8483,,
562,9/9/2013,14:01.0,8484,,
563,9/9/2013,15:56.5,8485,,
564,9/9/2013,21:20.5,8486,,
565,9/9/2013,23:25.5,8487,,
566,9/9/2013,24:35.0,8488,,
567,9/9/2013,25:28.5,8489,,
568,9/9/2013,26:32.0,8490,,
569,9/9/2013,27:55.0,8491,,
570,9/9/2013,28:33.5,8492,,
571,9/9/2013,29:26.5,8493,,
572,9/9/2013,30:16.0,8494,,
573,9/9/2013,30:59.5,8495,,
574,9/9/2013,32:11.0,8496,,
575,9/9/2013,33:14.5,8497,,
576,9/9/2013,33:47.5,8498,,
577,9/9/2013,34:24.0,8499,,
578,9/9/2013,35:06.0,8500,,
579,9/9/2013,35:57.5,8501,,
580,9/9/2013,37:19.0,8502,,
581,9/9/2013,38:22.5,8503,,
582,9/9/2013,39:01.0,8504,,
583,9/9/2013,39:23.5,8505,,
584,9/9/2013,39:44.5,8506,,
585,9/9/2013,40:04.5,8507,,
586,9/9/2013,40:26.5,8508,,
587,9/9/2013,40:56.5,8509,,
588,9/9/2013,42:01.0,8510,,
589,9/9/2013,44:11.0,8511,,
590,9/9/2013,46:25.0,8512,,
591,9/9/2013,48:48.5,8513,,
592,9/9/2013,50:32.5,8514,,
593,9/9/2013,51:46.0,8515,,
594,9/9/2013,52:34.5,8516,,
595,9/9/2013,53:09.5,8517,,
596,9/9/2013,53:46.5,8518,,
597,9/9/2013,54:28.5,8519,,
598,9/9/2013,55:04.0,8520,,
599,9/9/2013,56:07.5,8521,,
600,9/9/2013,02:26.0,8522,,
601,9/9/2013,13:49.5,8523,,
602,9/9/2013,28:31.5,8524,,
603,9/9/2013,40:11.5,8525,,
604,9/9/2013,45:08.0,8526,,
605,9/9/2013,48:57.0,8527,,
606,9/9/2013,51:38.5,8528,,
607,9/9/2013,04:45.0,8529,,
608,9/9/2013,26:54.0,8530,,
609,9/9/2013,18:10.5,8531,,
610,9/9/2013,20:06.5,8532,,
611,9/9/2013,20:30.0,8533,,
612,9/9/2013,20:52.0,8534,,
613,9/9/2013,21:17.5,8535,,
614,9/9/2013,21:42.0,8536,,
615,9/9/2013,22:15.5,8537,,
616,9/9/2013,22:53.5,8538,,
617,9/9/2013,23:45.5,8539,,
618,9/9/2013,25:00.5,8540,,
619,9/9/2013,27:09.5,8541,,
620,9/9/2013,30:28.5,8542,,
621,9/9/2013,34:45.0,8543,,
622,9/9/2013,37:35.5,8544,,
623,9/9/2013,40:45.5,8545,,
624,9/9/2013,43:21.0,8546,,
625,9/9/2013,47:49.0,8547,,
626,9/9/2013,50:38.0,8548,,
627,9/9/2013,51:58.0,8549,,
628,9/9/2013,54:05.0,8550,,
629,9/9/2013,57:17.0,8551,,
630,9/9/2013,00:18.0,8552,,
631,9/9/2013,03:01.5,8553,,
632,9/9/2013,05:32.0,8554,,
633,9/9/2013,07:28.0,8555,,
634,9/9/2013,09:40.5,8556,,
635,9/9/2013,12:10.5,8557,,
636,9/9/2013,14:11.0,8558,,
637,9/9/2013,16:45.0,8559,,
638,9/9/2013,18:56.0,8560,,
639,9/9/2013,20:53.0,8561,,
640,9/9/2013,22:34.5,8562,,
641,9/9/2013,24:31.0,8563,,
642,9/9/2013,26:15.0,8564,,
643,9/9/2013,29:51.0,8565,,
644,9/9/2013,33:48.5,8566,,
645,9/9/2013,41:43.0,8567,,
646,9/9/2013,47:09.0,8568,,
647,9/9/2013,53:49.0,8569,,
648,9/9/2013,10:36.0,8570,,
649,9/9/2013,20:03.5,8571,,
650,9/9/2013,24:57.0,8572,,
651,9/9/2013,30:01.5,8573,,
652,9/9/2013,39:39.5,8574,,
653,9/9/2013,37:26.5,8575,,
654,9/9/2013,05:53.5,8576,,
655,9/9/2013,21:06.0,8577,,
656,9/10/2013,05:25.5,8578,,
657,9/10/2013,06:20.0,8579,,
658,9/10/2013,09:51.0,8580,,
659,9/10/2013,16:41.0,8581,,
660,9/10/2013,30:28.5,8582,,
661,9/10/2013,35:56.0,8583,,
662,9/10/2013,39:04.0,8584,,
663,9/10/2013,43:09.0,8585,,
664,9/10/2013,46:23.5,8586,,
665,9/10/2013,54:29.0,8587,,
666,9/10/2013,59:37.0,8588,,
667,9/10/2013,00:42.0,8589,,
668,9/10/2013,02:09.0,8590,,
669,9/10/2013,05:51.5,8591,,
670,9/10/2013,12:40.5,8592,,
671,9/10/2013,16:41.0,8593,,
672,9/10/2013,18:40.5,8594,,
673,9/10/2013,20:08.5,8595,,
674,9/10/2013,20:46.5,8596,,
675,9/10/2013,21:21.0,8597,,
676,9/10/2013,21:39.0,8598,,
677,9/10/2013,22:13.5,8599,,
678,9/10/2013,25:17.0,8600,,
679,9/10/2013,27:37.0,8601,,
680,9/10/2013,30:27.5,8602,,
681,9/10/2013,34:01.5,8603,,
682,9/10/2013,48:49.5,8604,,
683,9/10/2013,52:01.5,8605,,
684,9/10/2013,59:23.0,8606,,
685,9/10/2013,02:56.5,8607,,
686,9/10/2013,06:08.5,8608,,
687,9/10/2013,11:31.0,8609,,
688,9/10/2013,48:55.0,8610,,
689,9/10/2013,32:33.5,8611,,
690,9/10/2013,40:26.0,8612,,
691,9/10/2013,43:59.5,8613,,
692,9/10/2013,46:46.0,8614,,
693,9/10/2013,50:18.5,8615,,
694,9/10/2013,52:40.0,8616,,
695,9/10/2013,54:03.5,8617,,
696,9/10/2013,55:35.5,8618,,
697,9/10/2013,56:48.0,8619,,
698,9/10/2013,57:42.5,8620,,
699,9/10/2013,58:18.5,8621,,
700,9/10/2013,58:39.5,8622,,
701,9/10/2013,59:13.0,8623,,
702,9/10/2013,00:12.5,8624,,
703,9/10/2013,01:33.0,8625,,
704,9/10/2013,02:30.5,8626,,
705,9/10/2013,03:21.5,8627,,
706,9/10/2013,04:01.5,8628,,
707,9/10/2013,05:03.0,8629,,
708,9/10/2013,06:23.5,8630,,
709,9/10/2013,07:31.0,8631,,
710,9/10/2013,08:26.5,8632,,
711,9/10/2013,09:27.0,8633,,
712,9/10/2013,10:53.5,8634,,
713,9/10/2013,13:47.5,8635,,
714,9/10/2013,16:22.5,8636,,
715,9/10/2013,19:56.0,8637,,
716,9/10/2013,23:35.0,8638,,
717,9/10/2013,27:23.0,8639,,
718,9/10/2013,30:54.5,8640,,
719,9/10/2013,32:36.0,8641,,
720,9/10/2013,34:49.5,8642,,
721,9/10/2013,39:07.5,8643,,
722,9/10/2013,41:44.0,8644,,
723,9/10/2013,44:03.5,8645,,
724,9/10/2013,46:49.5,8646,,
725,9/10/2013,50:41.5,8647,,
726,9/10/2013,34:54.0,8648,,
727,9/10/2013,49:55.0,8649,,
728,9/11/2013,32:04.0,8650,,
729,9/13/2013,45:05.0,8651,,
730,9/13/2013,52:10.0,8652,,
731,9/13/2013,52:51.0,8653,,
732,9/13/2013,53:38.5,8654,,
733,9/13/2013,54:40.5,8655,,
734,9/13/2013,10:40.0,8656,,
735,9/13/2013,22:49.0,8657,,
736,9/13/2013,24:37.5,8658,,
737,9/13/2013,28:29.5,8659,,
738,9/13/2013,44:04.0,8660,,
739,9/13/2013,09:41.5,8661,,
740,9/13/2013,12:13.0,8662,,
741,9/13/2013,15:39.5,8663,,
742,9/13/2013,16:11.5,8664,,
743,9/13/2013,16:50.5,8665,,
744,9/13/2013,17:24.0,8666,,
745,9/13/2013,17:56.0,8667,,
746,9/13/2013,18:34.0,8668,,
747,9/13/2013,19:24.0,8669,,
748,9/13/2013,19:55.5,8670,,
749,9/13/2013,20:19.5,8671,,
750,9/13/2013,20:47.5,8672,,
751,9/13/2013,21:10.0,8673,,
752,9/13/2013,21:22.0,8674,,
753,9/13/2013,21:41.5,8675,,
754,9/13/2013,21:51.0,8676,,
755,9/13/2013,22:00.5,8677,,
756,9/13/2013,22:10.5,8678,,
757,9/13/2013,22:20.0,8679,,
758,9/13/2013,22:30.0,8680,,
759,9/13/2013,22:39.5,8681,,
760,9/13/2013,22:52.0,8682,,
761,9/13/2013,23:02.0,8683,,
762,9/13/2013,23:14.5,8684,,
763,9/13/2013,23:30.5,8685,,
764,9/13/2013,23:50.5,8686,,
765,9/13/2013,24:23.0,8687,,
766,9/13/2013,24:42.0,8688,,
767,9/13/2013,25:04.0,8689,,
768,9/13/2013,25:26.0,8690,,
769,9/13/2013,25:44.0,8691,,
770,9/13/2013,26:07.0,8692,,
771,9/13/2013,26:25.0,8693,,
772,9/13/2013,26:43.0,8694,,
773,9/13/2013,27:07.0,8695,,
774,9/13/2013,27:34.0,8696,,
775,9/13/2013,27:55.0,8697,,
776,9/13/2013,28:27.0,8698,,
777,9/13/2013,28:42.0,8699,,
778,9/13/2013,28:52.0,8700,,
779,9/13/2013,29:03.5,8701,,
780,9/13/2013,29:18.0,8702,,
781,9/13/2013,29:26.5,8703,,
782,9/13/2013,29:35.5,8704,,
783,9/13/2013,29:50.5,8705,,
784,9/13/2013,30:01.5,8706,,
785,9/13/2013,30:13.5,8707,,
786,9/13/2013,30:24.5,8708,,
787,9/13/2013,30:38.5,8709,,
788,9/13/2013,31:05.5,8710,,
789,9/13/2013,31:23.0,8711,,
790,9/13/2013,31:43.0,8712,,
791,9/13/2013,31:57.5,8713,,
792,9/13/2013,32:16.5,8714,,
793,9/13/2013,32:36.0,8715,,
794,9/13/2013,32:54.5,8716,,
795,9/13/2013,33:13.0,8717,,
796,9/13/2013,33:32.0,8718,,
797,9/13/2013,34:00.5,8719,,
798,9/13/2013,34:40.5,8720,,
799,9/13/2013,35:57.0,8721,,
800,9/13/2013,36:11.0,8722,,
801,9/13/2013,36:23.0,8723,,
802,9/13/2013,36:38.5,8724,,
803,9/13/2013,36:57.0,8725,,
804,9/13/2013,37:39.5,8726,,
805,9/13/2013,38:15.5,8727,,
806,9/13/2013,38:43.0,8728,,
807,9/13/2013,39:03.0,8729,,
808,9/13/2013,39:19.0,8730,,
809,9/13/2013,39:38.0,8731,,
810,9/13/2013,39:59.5,8732,,
811,9/13/2013,40:29.0,8733,,
812,9/13/2013,41:23.5,8734,,
813,9/13/2013,42:45.0,8735,,
814,9/13/2013,44:03.0,8736,,
815,9/13/2013,45:15.5,8737,,
816,9/13/2013,46:00.5,8738,,
817,9/13/2013,46:35.0,8739,,
818,9/13/2013,47:02.0,8740,,
819,9/13/2013,47:22.0,8741,,
820,9/13/2013,47:42.5,8742,,
821,9/13/2013,47:59.5,8743,,
822,9/13/2013,48:12.5,8744,,
823,9/13/2013,48:25.5,8745,,
824,9/13/2013,48:37.5,8746,,
825,9/13/2013,48:47.5,8747,,
826,9/13/2013,49:02.0,8748,,
827,9/13/2013,49:23.0,8749,,
828,9/13/2013,49:42.5,8750,,
829,9/13/2013,50:21.0,8751,,
830,9/13/2013,51:49.5,8752,,
831,9/14/2013,04:03.0,8753,,
832,9/14/2013,19:24.5,8754,,
833,9/14/2013,32:46.0,8755,,
834,9/14/2013,42:13.5,8756,,
835,9/14/2013,56:21.0,8757,,
836,9/14/2013,23:48.5,8758,,
837,9/14/2013,41:53.0,8759,,
838,9/14/2013,48:35.5,8760,,
839,9/14/2013,49:46.5,8761,,
840,9/14/2013,51:58.0,8762,,
841,9/14/2013,53:47.5,8763,,
842,9/14/2013,54:23.0,8764,,
843,9/14/2013,54:42.0,8765,,
844,9/14/2013,55:12.0,8766,,
845,9/14/2013,56:54.5,8767,,
846,9/14/2013,58:05.0,8768,,
847,9/14/2013,59:14.5,8769,,
848,9/14/2013,02:47.0,8770,,
849,9/14/2013,07:59.0,8771,,
850,9/14/2013,12:44.5,8772,,
851,9/14/2013,16:06.5,8773,,
852,9/14/2013,20:28.0,8774,,
853,9/14/2013,29:56.0,8775,,
854,9/14/2013,52:17.0,8776,,
855,9/14/2013,59:45.5,8777,,
856,9/14/2013,00:39.5,8778,,
857,9/14/2013,03:13.5,8779,,
858,9/14/2013,16:04.5,8780,,
859,9/14/2013,38:09.0,8781,,
860,9/14/2013,59:53.0,8782,,
861,9/14/2013,01:36.0,8783,,
862,9/14/2013,02:29.5,8784,,
863,9/14/2013,02:47.5,8785,,
864,9/14/2013,03:05.0,8786,,
865,9/14/2013,03:20.0,8787,,
866,9/14/2013,03:41.5,8788,,
867,9/14/2013,04:15.5,8789,,
868,9/14/2013,04:49.0,8790,,
869,9/14/2013,05:16.5,8791,,
870,9/14/2013,05:48.5,8792,,
871,9/14/2013,06:28.0,8793,,
872,9/14/2013,07:19.5,8794,,
873,9/14/2013,08:06.5,8795,,
874,9/14/2013,08:32.5,8796,,
875,9/14/2013,08:43.0,8797,,
876,9/14/2013,09:02.5,8798,,
877,9/14/2013,09:33.0,8799,,
878,9/14/2013,10:00.5,8800,,
879,9/14/2013,10:19.5,8801,,
880,9/14/2013,10:58.5,8802,,
881,9/14/2013,11:16.5,8803,,
882,9/14/2013,11:35.0,8804,,
883,9/14/2013,11:59.0,8805,,
884,9/14/2013,12:29.5,8806,,
885,9/14/2013,13:01.0,8807,,
886,9/14/2013,14:05.5,8808,,
887,9/14/2013,15:12.5,8809,,
888,9/14/2013,15:44.5,8810,,
889,9/14/2013,16:08.0,8811,,
890,9/14/2013,16:30.5,8812,,
891,9/14/2013,16:47.0,8813,,
892,9/14/2013,17:02.5,8814,,
893,9/14/2013,17:16.5,8815,,
894,9/14/2013,17:31.5,8816,,
895,9/14/2013,17:45.5,8817,,
896,9/14/2013,18:00.0,8818,,
897,9/14/2013,18:18.0,8819,,
898,9/14/2013,18:33.0,8820,,
899,9/14/2013,18:43.0,8821,,
900,9/14/2013,18:54.0,8822,,
901,9/14/2013,19:04.0,8823,,
902,9/14/2013,19:17.0,8824,,
903,9/14/2013,19:29.0,8825,,
904,9/14/2013,19:40.5,8826,,
905,9/14/2013,19:49.5,8827,,
906,9/14/2013,20:00.5,8828,,
907,9/14/2013,20:12.0,8829,,
908,9/14/2013,20:19.5,8830,,
909,9/14/2013,20:26.5,8831,,
910,9/14/2013,20:33.0,8832,,
911,9/14/2013,20:46.0,8833,,
912,9/14/2013,21:10.5,8834,,
913,9/14/2013,21:52.5,8835,,
914,9/14/2013,22:44.5,8836,,
915,9/14/2013,24:18.0,8837,,
916,9/14/2013,26:24.0,8838,,
917,9/14/2013,27:30.0,8839,,
918,9/14/2013,28:17.5,8840,,
919,9/14/2013,28:53.0,8841,,
920,9/14/2013,29:31.5,8842,,
921,9/14/2013,30:06.5,8843,,
922,9/14/2013,30:50.0,8844,,
923,9/14/2013,38:58.5,8845,,
924,9/14/2013,51:47.0,8846,,
925,9/14/2013,10:27.0,8847,,
926,9/14/2013,15:00.5,8848,,
927,9/14/2013,23:15.5,8849,,
928,9/14/2013,32:03.0,8850,,
929,9/14/2013,51:33.0,8851,,
930,9/15/2013,20:11.5,8852,,
931,9/17/2013,25:15.0,8853,,
932,9/22/2013,42:31.0,8854,,
933,9/22/2013,08:12.0,8855,,
934,9/22/2013,01:14.0,8856,,
935,9/22/2013,01:47.5,8857,,
936,9/22/2013,02:14.0,8858,,
937,9/22/2013,02:37.5,8859,,
938,9/22/2013,02:52.5,8860,,
939,9/22/2013,03:07.0,8861,,
940,9/22/2013,03:26.0,8862,,
941,9/22/2013,03:47.5,8863,,
942,9/22/2013,04:03.5,8864,,
943,9/22/2013,04:14.5,8865,,
944,9/22/2013,04:29.0,8866,,
945,9/22/2013,04:47.5,8867,,
946,9/22/2013,05:10.0,8868,,
947,9/22/2013,05:37.0,8869,,
948,9/22/2013,06:32.5,8870,,
949,9/22/2013,08:03.0,8871,,
950,9/22/2013,08:46.0,8872,,
951,9/22/2013,10:03.5,8873,,
952,9/22/2013,12:19.0,8874,,
953,9/22/2013,14:48.0,8875,,
954,9/22/2013,21:36.0,8876,,
955,9/22/2013,27:04.0,8877,,
956,9/26/2013,01:11.5,8878,,
957,9/27/2013,36:35.0,8879,,
958,9/27/2013,03:44.0,8880,,
959,10/10/2013,19:44.5,8881,,
960,10/10/2013,44:52.0,8882,,
961,10/10/2013,10:18.0,8883,,
962,10/10/2013,33:41.0,8884,,
963,10/10/2013,05:38.0,8885,,
964,10/10/2013,07:05.5,8886,,
965,10/10/2013,08:13.0,8887,,
966,10/10/2013,10:13.5,8888,,
967,10/10/2013,12:21.5,8889,,
968,10/10/2013,38:00.0,8890,,
969,10/10/2013,16:51.0,8891,,
970,10/10/2013,23:19.5,8892,,
971,10/10/2013,25:36.0,8893,,
972,10/10/2013,32:36.5,8894,,
973,10/10/2013,37:46.0,8895,,
974,10/10/2013,45:38.0,8896,,
975,10/10/2013,23:37.5,8897,,
976,10/10/2013,35:30.5,8898,,
977,10/10/2013,50:54.5,8899,,
978,10/10/2013,57:49.0,8900,,
979,10/10/2013,05:53.0,8901,,
980,10/10/2013,04:19.5,8902,,
981,10/10/2013,06:59.0,8903,,
982,10/10/2013,08:38.5,8904,,
983,10/10/2013,14:40.5,8905,,
984,10/13/2013,14:17.5,8906,,
985,10/13/2013,15:46.0,8907,,
986,10/13/2013,17:42.0,8908,,
987,10/13/2013,49:02.5,8909,,
988,10/13/2013,57:17.5,8910,,
989,10/13/2013,08:33.0,8911,,
990,10/13/2013,12:48.5,8912,,
991,10/13/2013,16:02.5,8913,,
992,10/13/2013,22:58.5,8914,,
993,10/14/2013,21:54.5,8915,,
994,10/29/2013,03:06.0,8916,,
995,10/29/2013,35:50.5,8917,,
996,10/29/2013,10:57.0,8918,,
997,10/29/2013,03:40.5,8919,,
998,10/29/2013,54:48.5,8920,,
999,10/29/2013,32:23.0,8921,,
1000,10/30/2013,50:59.0,8922,,
1001,10/30/2013,05:18.0,8923,,
1002,10/30/2013,09:41.0,8924,,
1003,10/31/2013,17:59.5,8925,,
1004,11/20/2013,37:47.0,8926,,
1005,11/20/2013,04:47.5,8927,,
1006,11/20/2013,01:54.0,8928,,
1007,11/20/2013,28:38.5,8929,,
1008,11/20/2013,50:46.0,8930,,
1009,11/20/2013,49:58.5,8931,,
1010,11/21/2013,46:29.0,8932,,
1011,11/21/2013,51:58.0,8933,,
1012,11/21/2013,56:03.5,8934,,
1013,11/21/2013,03:24.0,8935,,
1014,11/21/2013,24:01.0,8936,,
1015,11/21/2013,37:28.5,8937,,
1016,11/21/2013,44:54.5,8938,,
1017,11/21/2013,48:13.5,8939,,
1018,11/21/2013,50:29.5,8940,,
1019,11/21/2013,53:00.0,8941,,
1020,11/21/2013,55:38.0,8942,,
1021,11/21/2013,57:50.5,8943,,
1022,11/21/2013,00:00.5,8944,,
1023,11/21/2013,01:17.5,8945,,
1024,11/21/2013,02:56.0,8946,,
1025,11/21/2013,05:21.5,8947,,
1026,11/21/2013,06:58.0,8948,,
1027,11/21/2013,08:52.0,8949,,
1028,11/21/2013,11:24.5,8950,,
1029,11/21/2013,14:28.0,8951,,
1030,11/21/2013,17:56.0,8952,,
1031,11/21/2013,23:40.0,8953,,
1032,11/21/2013,34:08.5,8954,,
1033,11/21/2013,50:51.5,8955,,
1034,11/21/2013,05:50.0,8956,,
1035,11/21/2013,09:03.5,8957,,
1036,11/21/2013,11:45.0,8958,,
1037,11/21/2013,14:59.5,8959,,
1038,11/21/2013,17:58.5,8960,,
1039,11/21/2013,20:35.0,8961,,
1040,11/21/2013,24:17.5,8962,,
1041,11/21/2013,27:26.0,8963,,
1042,11/21/2013,35:24.0,8964,,
1043,11/21/2013,44:32.5,8965,,
1044,11/21/2013,46:01.0,8966,,
1045,11/21/2013,06:53.5,8967,,
1046,11/21/2013,10:30.0,8968,,
1047,11/21/2013,12:16.0,8969,,
1048,11/21/2013,14:04.0,8970,,
1049,11/21/2013,15:43.5,8971,,
1050,11/21/2013,18:09.5,8972,,
1051,11/21/2013,20:27.5,8973,,
1052,11/21/2013,21:56.5,8974,,
1053,11/21/2013,23:55.0,8975,,
1054,11/21/2013,24:20.0,8976,,
1055,11/21/2013,24:42.5,8977,,
1056,11/21/2013,25:07.5,8978,,
1057,11/21/2013,25:32.0,8979,,
1058,11/21/2013,25:56.0,8980,,
1059,11/21/2013,26:17.5,8981,,
1060,11/21/2013,26:40.0,8982,,
1061,11/21/2013,27:01.5,8983,,
1062,11/21/2013,27:24.0,8984,,
1063,11/21/2013,27:45.0,8985,,
1064,11/21/2013,28:05.0,8986,,
1065,11/21/2013,28:28.0,8987,,
1066,11/21/2013,28:55.5,8988,,
1067,11/21/2013,29:26.0,8989,,
1068,11/21/2013,29:51.5,8990,,
1069,11/21/2013,30:15.0,8991,,
1070,11/21/2013,30:35.0,8992,,
1071,11/21/2013,30:57.5,8993,,
1072,11/21/2013,31:27.5,8994,,
1073,11/21/2013,32:04.5,8995,,
1074,11/21/2013,32:52.0,8996,,
1075,11/21/2013,33:36.5,8997,,
1076,11/21/2013,34:10.5,8998,,
1077,11/21/2013,36:10.5,8999,,
1078,11/21/2013,36:54.5,9000,,
1079,11/21/2013,37:56.5,9001,,
1080,11/21/2013,39:40.0,9002,,
1081,11/21/2013,42:43.5,9003,,
1082,11/21/2013,44:54.0,9004,,
1083,11/21/2013,46:03.5,9005,,
1084,11/21/2013,47:17.0,9006,,
1085,11/21/2013,48:57.5,9007,,
1086,11/21/2013,51:11.5,9008,,
1087,11/21/2013,54:14.0,9009,,
1088,11/21/2013,01:02.0,9010,,
1089,11/21/2013,09:06.5,9011,,
1090,11/21/2013,18:19.0,9012,,
1091,11/21/2013,21:37.5,9013,,
1092,11/21/2013,23:00.5,9014,,
1093,11/21/2013,24:23.5,9015,,
1094,11/21/2013,25:58.5,9016,,
1095,11/21/2013,27:03.0,9017,,
1096,11/21/2013,27:57.0,9018,,
1097,11/21/2013,28:46.0,9019,,
1098,11/21/2013,29:35.0,9020,,
1099,11/21/2013,31:52.0,9021,,
1100,11/21/2013,33:36.0,9022,,
1101,11/21/2013,35:27.5,9023,,
1102,11/21/2013,40:48.0,9024,,
1103,11/21/2013,49:57.0,9025,,
1104,11/21/2013,06:00.5,9026,,
1105,11/21/2013,24:25.5,9027,,
1106,11/21/2013,59:37.0,9028,,
1107,11/21/2013,08:38.5,9029,,
1108,11/21/2013,13:29.5,9030,,
1109,11/21/2013,19:23.0,9031,,
1110,11/21/2013,23:46.5,9032,,
1111,11/21/2013,28:31.0,9033,,
1112,11/21/2013,32:14.5,9034,,
1113,11/21/2013,35:04.5,9035,,
1114,11/21/2013,36:57.0,9036,,
1115,11/21/2013,38:40.0,9037,,
1116,11/21/2013,40:04.5,9038,,
1117,11/21/2013,41:21.0,9039,,
1118,11/21/2013,42:43.5,9040,,
1119,11/21/2013,44:12.5,9041,,
1120,11/21/2013,46:23.0,9042,,
1121,11/21/2013,49:30.0,9043,,
1122,11/21/2013,52:05.0,9044,,
1123,11/21/2013,57:18.5,9045,,
1124,11/21/2013,03:14.0,9046,,
1125,11/21/2013,10:32.0,9047,,
1126,11/21/2013,14:13.5,9048,,
1127,11/21/2013,17:37.5,9049,,
1128,11/21/2013,20:09.5,9050,,
1129,11/21/2013,22:42.5,9051,,
1130,11/21/2013,26:09.5,9052,,
1131,11/21/2013,31:16.0,9053,,
1132,11/21/2013,33:52.0,9054,,
1133,11/21/2013,37:24.5,9055,,
1134,11/21/2013,40:24.0,9056,,
1135,11/21/2013,43:11.5,9057,,
1136,11/21/2013,46:39.5,9058,,
1137,11/21/2013,53:09.0,9059,,
1138,11/21/2013,03:30.0,9060,,
1139,11/21/2013,23:28.5,9061,,
1140,11/22/2013,12:38.0,9062,,
1141,11/22/2013,45:49.0,9063,,
1142,11/22/2013,01:31.0,9064,,
1143,11/22/2013,12:26.5,9065,,
1144,11/22/2013,24:50.0,9066,,
1145,11/22/2013,39:42.0,9067,,
1146,11/23/2013,25:01.0,9068,,
1147,11/23/2013,30:25.5,9069,,
1148,11/23/2013,09:54.0,9070,,
1149,11/23/2013,41:42.0,9071,,
1150,11/23/2013,59:31.5,9072,,
1151,11/23/2013,10:38.5,9073,,
1152,11/23/2013,17:36.5,9074,,
1153,11/23/2013,22:26.5,9075,,
1154,11/23/2013,26:29.5,9076,,
1155,11/23/2013,30:07.5,9077,,
1156,11/23/2013,33:47.0,9078,,
1157,11/23/2013,37:35.5,9079,,
1158,11/23/2013,41:40.0,9080,,
1159,11/23/2013,46:07.5,9081,,
1160,11/23/2013,50:46.5,9082,,
1161,11/23/2013,55:36.5,9083,,
1162,11/23/2013,01:01.5,9084,,
1163,11/23/2013,06:52.5,9085,,
1164,11/23/2013,12:39.5,9086,,
1165,11/23/2013,19:07.5,9087,,
1166,11/23/2013,25:43.5,9088,,
1167,11/23/2013,32:39.5,9089,,
1168,11/23/2013,39:37.5,9090,,
1169,11/23/2013,46:11.0,9091,,
1170,11/23/2013,53:06.5,9092,,
1171,11/23/2013,00:18.0,9093,,
1172,11/23/2013,07:59.5,9094,,
1173,11/23/2013,16:34.5,9095,,
1174,11/23/2013,24:33.5,9096,,
1175,11/23/2013,33:35.0,9097,,
1176,11/23/2013,42:36.5,9098,,
1177,11/23/2013,52:10.5,9099,,
1178,11/23/2013,02:07.0,9100,,
1179,11/23/2013,12:22.0,9101,,
1180,11/23/2013,22:41.0,9102,,
1181,11/23/2013,34:18.5,9103,,
1182,11/23/2013,47:09.0,9104,,
1183,11/23/2013,03:33.5,9105,,
1184,11/23/2013,28:03.5,9106,,
1185,11/23/2013,02:08.5,9107,,
1186,11/23/2013,41:20.5,9108,,
1187,11/23/2013,44:02.5,9109,,
1188,11/23/2013,12:20.5,9110,,
1189,11/24/2013,04:11.5,9111,,
1190,11/24/2013,02:49.0,9112,,
1191,11/24/2013,34:18.0,9113,,
1192,11/24/2013,56:52.5,9114,,
1193,11/24/2013,13:01.0,9115,,
1194,11/24/2013,27:24.5,9116,,
1195,11/24/2013,41:16.0,9117,,
1196,11/24/2013,54:48.5,9118,,
1197,11/24/2013,09:28.5,9119,,
1198,11/24/2013,23:03.0,9120,,
1199,11/24/2013,35:58.5,9121,,
1200,11/24/2013,50:07.5,9122,,
1201,11/24/2013,03:32.0,9123,,
1202,11/24/2013,17:49.0,9124,,
1203,11/24/2013,37:42.5,9125,,
1204,11/24/2013,56:54.0,9126,,
1205,11/24/2013,17:05.5,9127,,
1206,11/24/2013,37:01.0,9128,,
1207,11/24/2013,54:53.0,9129,,
1208,11/24/2013,21:49.5,9130,,
1209,11/25/2013,49:39.0,9131,,
1210,11/25/2013,24:03.0,9132,,
1211,11/25/2013,25:54.5,9133,,
1212,11/25/2013,33:58.0,9134,,
1213,11/25/2013,40:59.5,9135,,
1214,11/25/2013,49:35.5,9136,,
1215,11/25/2013,57:25.5,9137,,
1216,11/25/2013,00:02.0,9138,,
1217,11/25/2013,00:48.0,9139,,
1218,11/25/2013,04:13.0,9140,,
1219,11/25/2013,11:47.5,9141,,
1220,11/25/2013,25:01.0,9142,,
1221,11/25/2013,39:37.0,9143,,
1222,11/25/2013,52:29.5,9144,,
1223,11/25/2013,57:34.5,9145,,
1224,11/25/2013,05:10.0,9146,,
1225,11/25/2013,14:02.5,9147,,
1226,11/25/2013,21:11.5,9148,,
1227,11/25/2013,31:32.5,9149,,
1228,11/25/2013,40:55.5,9150,,
1229,11/25/2013,49:50.0,9151,,
1230,11/25/2013,02:35.5,9152,,
1231,11/25/2013,12:35.5,9153,,
1232,11/25/2013,23:45.0,9154,,
1233,11/25/2013,35:39.0,9155,,
1234,11/25/2013,49:09.0,9156,,
1235,11/25/2013,04:40.0,9157,,
1236,11/25/2013,25:10.5,9158,,
1237,11/25/2013,26:18.0,9159,,
1238,11/26/2013,04:06.5,9160,,
1239,11/26/2013,35:36.5,9161,,
1240,11/26/2013,10:37.5,9162,,
1241,11/26/2013,57:08.0,9163,,
1242,11/28/2013,29:49.0,9164,,
1243,12/1/2013,51:27.0,9165,,
1244,12/3/2013,39:11.0,9166,,
1245,12/4/2013,49:38.5,9167,,
1246,12/4/2013,13:52.5,9168,,
1247,12/4/2013,18:04.0,9169,,
1248,12/4/2013,20:04.5,9170,,
1249,12/4/2013,23:10.0,9171,,
1250,12/4/2013,27:03.0,9172,,
1251,12/4/2013,31:48.5,9173,,
1252,12/4/2013,36:53.5,9174,,
1253,12/4/2013,43:18.0,9175,,
1254,12/4/2013,54:13.5,9176,,
1255,12/4/2013,19:25.0,9177,,
1256,12/4/2013,48:40.5,9178,,
1257,12/4/2013,21:15.0,9179,,
1258,12/5/2013,04:39.5,9180,,
1259,12/5/2013,24:04.5,9181,,
1260,12/6/2013,25:12.5,9182,,
1261,12/10/2013,30:16.0,9183,,
1262,12/10/2013,33:24.5,9184,,
1263,12/10/2013,51:07.5,9185,,
1264,12/10/2013,21:08.5,9186,,
1265,12/10/2013,48:23.5,9187,,
1266,12/11/2013,25:02.5,9188,,
1267,12/11/2013,28:02.0,9189,,
1268,12/11/2013,42:01.5,9190,,
1269,12/11/2013,20:49.5,9191,,
1270,12/11/2013,16:44.5,9192,,
1271,12/11/2013,16:12.5,9193,,
1272,12/12/2013,18:24.0,9194,,
1273,12/12/2013,12:33.5,9195,,
1274,12/12/2013,02:48.5,9196,,
1275,12/12/2013,05:41.0,9197,,
1276,12/13/2013,40:07.5,9198,,
1277,12/14/2013,17:21.0,9199,,
1278,12/14/2013,59:36.0,9200,,
1279,12/14/2013,18:43.5,9201,,
1280,12/16/2013,13:56.5,9202,,
1281,12/20/2013,52:38.0,9203,,
1282,12/20/2013,03:34.0,9204,,
1283,12/20/2013,09:32.5,9205,,
1284,12/21/2013,13:37.0,9206,,
1285,12/21/2013,45:44.0,9207,,
1286,12/23/2013,05:31.0,9208,,
1287,1/30/2014,50:27.5,9209,,
1288,1/30/2014,59:22.5,9210,,
1289,1/30/2014,08:34.5,9211,,
1290,1/30/2014,13:22.5,9212,,
1291,1/30/2014,37:48.5,9213,,
1292,1/30/2014,03:46.5,9214,,
1293,1/31/2014,37:51.0,9215,,
1294,1/31/2014,40:54.0,9216,,
1295,1/31/2014,44:45.0,9217,,
1296,1/31/2014,48:30.0,9218,,
1297,1/31/2014,52:34.0,9219,,
1298,1/31/2014,57:13.0,9220,,
1299,1/31/2014,02:13.5,9221,,
1300,1/31/2014,08:07.0,9222,,
1301,1/31/2014,12:58.5,9223,,
1302,1/31/2014,19:32.0,9224,,
1303,1/31/2014,30:10.0,9225,,
1304,1/31/2014,41:10.0,9226,,
1305,1/31/2014,51:51.0,9227,,
1306,1/31/2014,06:33.0,9228,,
1307,1/31/2014,22:33.5,9229,,
1308,1/31/2014,37:40.0,9230,,
1309,1/31/2014,37:45.0,9231,,
1310,1/31/2014,39:35.0,9232,,
1311,1/31/2014,43:21.5,9233,,
1312,1/31/2014,47:20.0,9234,,
1313,1/31/2014,51:37.5,9235,,
1314,1/31/2014,57:09.5,9236,,
1315,1/31/2014,03:53.5,9237,,
1316,1/31/2014,11:25.5,9238,,
1317,1/31/2014,19:39.5,9239,,
1318,1/31/2014,27:32.0,9240,,
1319,1/31/2014,35:06.0,9241,,
1320,1/31/2014,42:12.5,9242,,
1321,1/31/2014,50:20.0,9243,,
1322,1/31/2014,59:43.0,9244,,
1323,1/31/2014,09:36.5,9245,,
1324,1/31/2014,22:34.0,9246,,
1325,1/31/2014,42:17.0,9247,,
1326,1/31/2014,11:32.5,9248,,
1327,1/31/2014,28:29.0,9249,,
1328,2/1/2014,57:36.5,9250,,
1329,2/1/2014,34:18.0,9251,,
1330,2/1/2014,21:55.0,9252,,
1331,2/1/2014,39:48.0,9253,,
1332,2/1/2014,11:10.5,9254,,
1333,2/1/2014,26:22.5,9255,,
1334,2/1/2014,43:18.5,9256,,
1335,2/1/2014,43:54.0,9257,,
1336,2/1/2014,58:25.0,9258,,
1337,2/1/2014,16:44.0,9259,,
1338,2/1/2014,39:37.5,9260,,
1339,2/1/2014,01:09.5,9261,,
1340,2/1/2014,30:01.5,9262,,
1341,2/2/2014,09:37.5,9263,,
1342,2/2/2014,01:11.0,9264,,
1343,2/2/2014,30:07.0,9265,,
1344,2/2/2014,58:27.5,9266,,
1345,2/2/2014,32:57.5,9267,,
1346,2/2/2014,19:48.5,9268,,
1347,2/3/2014,28:15.5,9269,,
1348,2/3/2014,54:15.0,9270,,
1349,2/3/2014,00:18.5,9271,,
1350,2/3/2014,31:42.5,9272,,
1351,2/4/2014,05:39.5,9273,,
1352,2/4/2014,08:07.0,9274,,
1353,2/4/2014,09:48.5,9275,,
1354,2/4/2014,30:42.5,9276,,
1355,2/4/2014,50:10.0,9277,,
1356,2/4/2014,27:53.0,9278,,
1357,2/4/2014,03:37.0,9279,,
1358,2/4/2014,30:45.0,9280,,
1359,2/5/2014,15:08.0,9281,,
1360,2/5/2014,40:14.0,9282,,
1361,2/5/2014,10:19.0,9283,,
1362,2/7/2014,44:04.0,9284,,
1363,2/27/2014,17:44.0,9285,,
1364,2/27/2014,18:58.0,9286,,
1365,2/27/2014,21:29.0,9287,,
1366,2/27/2014,59:52.0,9288,,
1367,2/27/2014,04:02.0,9289,,
1368,2/27/2014,05:58.5,9290,,
1369,2/27/2014,09:03.5,9291,,
1370,2/27/2014,12:44.0,9292,,
1371,2/27/2014,16:51.0,9293,,
1372,2/27/2014,19:08.0,9294,,
1373,2/27/2014,22:21.5,9295,,
1374,2/27/2014,25:03.5,9296,,
1375,2/27/2014,27:44.5,9297,,
1376,2/27/2014,30:18.5,9298,,
1377,2/27/2014,33:17.0,9299,,
1378,2/27/2014,37:12.0,9300,,
1379,2/27/2014,42:15.0,9301,,
1380,2/27/2014,52:09.5,9302,,
1381,2/27/2014,09:29.0,9303,,
1382,2/27/2014,38:41.5,9304,,
1383,2/28/2014,08:27.5,9305,,
1384,3/1/2014,03:46.5,9306,,
1385,3/1/2014,20:32.0,9307,,
1386,3/1/2014,27:24.5,9308,,
1387,3/1/2014,37:58.0,9309,,
1388,3/1/2014,42:27.5,9310,,
1389,3/1/2014,46:40.5,9311,,
1390,3/1/2014,48:10.5,9312,,
1391,3/1/2014,49:45.5,9313,,
1392,3/1/2014,51:54.0,9314,,
1393,3/1/2014,54:01.0,9315,,
1394,3/1/2014,55:17.5,9316,,
1395,3/1/2014,58:23.0,9317,,
1396,3/1/2014,01:20.5,9318,,
1397,3/1/2014,02:20.5,9319,,
1398,3/1/2014,19:27.0,9320,,
1399,3/1/2014,23:22.0,9321,,
1400,3/1/2014,25:39.5,9322,,
1401,3/1/2014,27:13.5,9323,,
1402,3/1/2014,28:50.5,9324,,
1403,3/1/2014,30:44.5,9325,,
1404,3/1/2014,32:18.0,9326,,
1405,3/1/2014,33:59.0,9327,,
1406,3/1/2014,36:39.0,9328,,
1407,3/1/2014,39:27.0,9329,,
1408,3/1/2014,41:30.5,9330,,
1409,3/1/2014,43:08.5,9331,,
1410,3/1/2014,45:03.5,9332,,
1411,3/1/2014,51:52.0,9333,,
1412,3/1/2014,53:43.0,9334,,
1413,3/1/2014,55:32.0,9335,,
1414,3/1/2014,58:52.5,9336,,
1415,3/1/2014,00:58.0,9337,,
1416,3/1/2014,03:35.0,9338,,
1417,3/1/2014,07:19.5,9339,,
1418,3/1/2014,11:43.5,9340,,
1419,3/1/2014,17:02.5,9341,,
1420,3/1/2014,19:24.0,9342,,
1421,3/1/2014,21:49.5,9343,,
1422,3/1/2014,25:07.5,9344,,
1423,3/1/2014,29:27.5,9345,,
1424,3/1/2014,47:37.5,9346,,
1425,3/1/2014,52:03.0,9347,,
1426,3/1/2014,55:35.0,9348,,
1427,3/1/2014,01:02.0,9349,,
1428,3/1/2014,07:01.0,9350,,
1429,3/1/2014,18:03.5,9351,,
1430,3/1/2014,23:40.0,9352,,
1431,3/1/2014,28:53.0,9353,,
1432,3/1/2014,34:52.5,9354,,
1433,3/1/2014,39:16.5,9355,,
1434,3/1/2014,43:32.5,9356,,
1435,3/1/2014,29:33.5,9357,,
1436,3/2/2014,55:17.0,9358,,
1437,3/7/2014,50:29.5,9359,,
1438,3/7/2014,00:24.0,9360,,
1439,3/7/2014,03:34.0,9361,,
1440,3/7/2014,06:41.0,9362,,
1441,3/7/2014,10:10.5,9363,,
1442,3/7/2014,14:44.5,9364,,
1443,3/7/2014,34:55.0,9365,,
1444,4/2/2014,59:48.5,9366,,
1445,4/5/2014,08:37.5,9367,,
1446,4/5/2014,20:35.0,9368,,
1447,4/13/2014,19:10.0,9369,,
1448,4/13/2014,36:49.0,9370,,
1449,4/13/2014,07:40.5,9371,,
1450,4/13/2014,15:12.5,9372,,
1451,4/13/2014,45:56.5,9373,,
1452,4/13/2014,49:02.5,9374,,
1453,4/18/2014,36:55.0,9375,,
1454,4/19/2014,29:46.5,9376,,
1455,4/19/2014,06:47.0,9377,,
1456,4/19/2014,05:55.5,9378,,
1457,4/19/2014,26:18.0,9379,,
1458,4/26/2014,19:28.5,9380,,
1459,4/26/2014,26:10.5,9381,,
1460,4/26/2014,47:02.5,9382,,
1461,4/26/2014,50:17.5,9383,,
1462,4/26/2014,00:29.5,9384,,
1463,4/26/2014,03:25.0,9385,,
1464,4/26/2014,05:59.5,9386,,
1465,4/26/2014,09:00.5,9387,,
1466,4/26/2014,13:28.5,9388,,
1467,4/26/2014,16:48.5,9389,,
1468,4/26/2014,20:38.0,9390,,
1469,4/26/2014,23:13.5,9391,,
1470,4/26/2014,26:10.5,9392,,
1471,4/26/2014,31:04.5,9393,,
1472,4/26/2014,33:07.0,9394,,
1473,4/26/2014,36:58.5,9395,,
1474,4/26/2014,41:34.5,9396,,
1475,4/26/2014,46:47.0,9397,,
1476,4/26/2014,52:52.5,9398,,
1477,4/26/2014,57:06.5,9399,,
1478,4/26/2014,01:16.0,9400,,
1479,4/26/2014,06:32.5,9401,,
1480,4/26/2014,12:06.5,9402,,
1481,4/26/2014,16:35.5,9403,,
1482,4/26/2014,20:02.0,9404,,
1483,4/26/2014,24:33.0,9405,,
1484,4/26/2014,29:34.0,9406,,
1485,4/26/2014,35:13.0,9407,,
1486,4/26/2014,41:41.5,9408,,
1487,4/26/2014,45:29.0,9409,,
1488,4/26/2014,47:37.5,9410,,
1489,4/26/2014,49:36.0,9411,,
1490,4/26/2014,53:20.0,9412,,
1491,4/26/2014,58:45.5,9413,,
1492,4/26/2014,05:30.0,9414,,
1493,4/26/2014,14:40.5,9415,,
1494,4/26/2014,48:54.5,9416,,
1495,4/26/2014,39:56.0,9417,,
1496,4/26/2014,45:15.0,9418,,
1497,4/26/2014,58:46.5,9419,,
1498,4/26/2014,26:13.5,9420,,
1499,4/26/2014,53:41.5,9421,,
1500,4/26/2014,58:26.5,9422,,
1501,4/26/2014,11:25.5,9423,,
1502,4/26/2014,18:41.0,9424,,
1503,4/26/2014,28:02.0,9425,,
1504,4/26/2014,39:43.0,9426,,
1505,4/26/2014,54:16.5,9427,,
1506,4/26/2014,03:24.5,9428,,
1507,4/26/2014,12:38.5,9429,,
1508,4/27/2014,37:02.5,9430,,
1509,4/27/2014,51:38.5,9431,,
1510,4/27/2014,22:17.5,9432,,
1511,4/27/2014,40:43.5,9433,,
1512,4/27/2014,58:00.0,9434,,
1513,4/27/2014,16:44.5,9435,,
1514,4/27/2014,35:13.5,9436,,
1515,4/27/2014,35:15.5,9437,,
1516,4/27/2014,35:25.0,9438,,
1517,4/27/2014,36:36.5,9439,,
1518,4/27/2014,37:52.0,9440,,
1519,4/27/2014,39:11.0,9441,,
1520,4/27/2014,40:27.0,9442,,
1521,4/27/2014,41:56.5,9443,,
1522,4/27/2014,43:30.0,9444,,
1523,4/27/2014,45:04.5,9445,,
1524,4/27/2014,46:47.5,9446,,
1525,4/27/2014,52:20.5,9447,,
1526,4/27/2014,55:13.0,9448,,
1527,4/27/2014,55:15.5,9449,,
1528,4/27/2014,58:52.5,9450,,
1529,4/27/2014,58:56.0,9451,,
1530,4/27/2014,01:25.5,9452,,
1531,4/27/2014,06:45.0,9453,,
1532,4/27/2014,06:47.0,9454,,
1533,4/27/2014,11:58.0,9455,,
1534,4/27/2014,12:00.0,9456,,
1535,4/27/2014,15:05.0,9457,,
1536,4/27/2014,17:24.5,9458,,
1537,4/27/2014,20:34.0,9459,,
1538,4/27/2014,23:14.0,9460,,
1539,4/27/2014,26:07.5,9461,,
1540,4/27/2014,29:03.0,9462,,
1541,4/27/2014,32:52.0,9463,,
1542,4/27/2014,38:14.0,9464,,
1543,4/27/2014,42:57.0,9465,,
1544,5/7/2014,58:47.5,9466,,
1545,5/10/2014,45:19.0,9467,,
1546,5/10/2014,47:26.5,9468,,
1547,5/10/2014,49:28.5,9469,,
1548,5/10/2014,52:36.5,9470,,
1549,5/10/2014,57:52.5,9471,,
1550,5/10/2014,08:45.5,9472,,
1551,5/10/2014,12:14.0,9473,,
1552,5/10/2014,17:37.0,9474,,
1553,5/11/2014,44:44.5,9475,,
1554,5/11/2014,21:30.0,9476,,
1555,5/11/2014,31:01.5,9477,,
1556,5/11/2014,32:25.5,9478,,
1557,5/11/2014,39:40.5,9479,,
1558,5/11/2014,47:58.0,9480,,
1559,5/11/2014,48:32.5,9481,,
1560,5/11/2014,49:08.0,9482,,
1561,5/11/2014,49:59.5,9483,,
1562,5/11/2014,01:12.5,9484,,
1563,5/11/2014,16:46.5,9485,,
1564,5/11/2014,19:02.0,9486,,
1565,5/11/2014,20:28.5,9487,,
1566,5/11/2014,22:22.0,9488,,
1567,5/11/2014,25:57.0,9489,,
1568,5/11/2014,27:58.0,9490,,
1569,5/11/2014,31:14.5,9491,,
1570,5/11/2014,37:54.0,9492,,
1571,5/11/2014,45:34.0,9493,,
1572,5/11/2014,27:25.0,9494,,
1573,5/11/2014,31:47.5,9495,,
1574,5/11/2014,35:49.5,9496,,
1575,5/11/2014,16:51.5,9497,,
1576,5/11/2014,06:37.5,9498,,
1577,5/11/2014,24:54.5,9499,,
1578,5/11/2014,32:27.0,9500,,
1579,5/11/2014,35:54.5,9501,,
1580,5/11/2014,38:08.5,9502,,
1581,5/11/2014,40:38.5,9503,,
1582,5/11/2014,44:18.5,9504,,
1583,5/11/2014,49:23.0,9505,,
1584,5/11/2014,53:26.0,9506,,
1585,5/11/2014,03:47.0,9507,,
1586,5/11/2014,36:26.0,9508,,
1587,5/11/2014,03:01.5,9509,,
1588,5/12/2014,41:10.0,9510,,
1589,5/23/2014,21:37.0,9511,,
1590,5/23/2014,25:09.0,9512,,
1591,5/24/2014,41:25.0,9513,,
1592,5/24/2014,29:48.5,9514,,
1593,5/25/2014,08:06.0,9515,,
1594,5/25/2014,29:42.0,9516,,
1595,5/25/2014,12:42.0,9517,,
1596,5/25/2014,32:45.0,9518,,
1597,5/25/2014,44:43.0,9519,,
1598,5/25/2014,05:30.5,9520,,
1599,5/25/2014,16:34.0,9521,,
1600,5/25/2014,23:25.5,9522,,
1601,5/25/2014,35:31.5,9523,,
1602,5/25/2014,47:31.5,9524,,
1603,5/25/2014,06:28.0,9525,,
1604,5/25/2014,26:53.5,9526,,
1605,5/25/2014,37:29.5,9527,,
1606,5/25/2014,44:35.5,9528,,
1607,5/25/2014,04:59.5,9529,,
1608,5/25/2014,14:43.5,9530,,
1609,5/25/2014,23:10.5,9531,,
1610,5/25/2014,33:19.5,9532,,
1611,5/25/2014,25:55.5,9533,,
1612,5/25/2014,40:56.0,9534,,
1613,5/25/2014,04:15.0,9535,,
1614,5/25/2014,20:34.0,9536,,
1615,5/25/2014,52:16.5,9537,,
1616,5/25/2014,00:50.0,9538,,
1617,5/25/2014,06:51.0,9539,,
1618,5/25/2014,23:46.5,9540,,
1619,5/25/2014,32:07.5,9541,,
1620,5/25/2014,34:44.0,9542,,
1621,5/25/2014,39:24.0,9543,,
1622,5/25/2014,41:18.0,9544,,
1623,5/25/2014,42:49.0,9545,,
1624,5/25/2014,44:22.5,9546,,
1625,5/25/2014,52:07.0,9547,,
1626,6/23/2014,05:52.5,9548,,
1627,7/4/2014,22:58.0,9549,,
1628,7/4/2014,30:17.0,9550,,
1629,7/4/2014,26:02.0,9551,,
1630,7/4/2014,29:24.5,9552,,
1631,7/4/2014,46:16.5,9553,,
1632,7/5/2014,21:39.0,9554,,
1633,7/5/2014,32:06.0,9555,,
1634,7/5/2014,40:47.5,9556,,
1635,7/5/2014,43:17.0,9557,,
1636,7/5/2014,57:02.5,9558,,
1637,7/7/2014,50:23.5,9559,,
1638,7/7/2014,51:16.0,9560,,
1639,7/7/2014,51:54.0,9561,,
1640,7/7/2014,52:28.0,9562,,
1641,7/7/2014,52:55.0,9563,,
1642,7/7/2014,53:19.0,9564,,
1643,7/7/2014,53:48.5,9565,,
1644,7/7/2014,54:11.5,9566,,
1645,7/7/2014,54:32.0,9567,,
1646,7/7/2014,54:47.0,9568,,
1647,7/7/2014,55:03.5,9569,,
1648,7/7/2014,55:20.0,9570,,
1649,7/7/2014,55:39.0,9571,,
1650,7/7/2014,56:03.0,9572,,
1651,7/7/2014,56:20.5,9573,,
1652,7/7/2014,56:35.0,9574,,
1653,7/7/2014,56:52.5,9575,,
1654,7/7/2014,57:07.0,9576,,
1655,7/7/2014,57:17.0,9577,,
1656,7/7/2014,57:27.0,9578,,
1657,7/7/2014,57:37.0,9579,,
1658,7/7/2014,57:50.5,9580,,
1659,7/7/2014,58:06.5,9581,,
1660,7/7/2014,58:22.0,9582,,
1661,7/7/2014,58:39.0,9583,,
1662,7/7/2014,58:54.5,9584,,
1663,7/7/2014,59:07.0,9585,,
1664,7/7/2014,59:20.0,9586,,
1665,7/7/2014,59:36.0,9587,,
1666,7/7/2014,59:48.0,9588,,
1667,7/7/2014,00:04.5,9589,,
1668,7/7/2014,00:28.5,9590,,
1669,7/7/2014,00:54.0,9591,,
1670,7/7/2014,01:20.0,9592,,
1671,7/7/2014,01:54.5,9593,,
1672,7/7/2014,02:28.5,9594,,
1673,7/7/2014,03:06.5,9595,,
1674,7/7/2014,03:51.0,9596,,
1675,7/7/2014,04:20.0,9597,,
1676,7/7/2014,05:11.5,9598,,
1677,7/7/2014,05:29.5,9599,,
1678,7/7/2014,05:38.0,9600,,
1679,7/7/2014,05:49.5,9601,,
1680,7/7/2014,06:00.5,9602,,
1681,7/7/2014,06:14.5,9603,,
1682,7/7/2014,06:29.0,9604,,
1683,7/7/2014,06:46.5,9605,,
1684,7/7/2014,07:06.5,9606,,
1685,7/7/2014,07:32.5,9607,,
1686,7/7/2014,08:11.5,9608,,
1687,7/7/2014,08:28.5,9609,,
1688,7/7/2014,08:46.5,9610,,
1689,7/7/2014,09:11.0,9611,,
1690,7/7/2014,09:30.0,9612,,
1691,7/7/2014,09:47.0,9613,,
1692,7/7/2014,10:05.5,9614,,
1693,7/7/2014,10:21.5,9615,,
1694,7/7/2014,10:48.5,9616,,
1695,7/7/2014,11:21.0,9617,,
1696,7/7/2014,11:47.5,9618,,
1697,7/7/2014,12:17.0,9619,,
1698,7/7/2014,12:45.0,9620,,
1699,7/7/2014,13:07.5,9621,,
1700,7/7/2014,13:32.0,9622,,
1701,7/7/2014,13:44.5,9623,,
1702,7/7/2014,14:03.0,9624,,
1703,7/7/2014,14:48.5,9625,,
1704,7/7/2014,15:27.0,9626,,
1705,7/7/2014,16:26.5,9627,,
1706,7/7/2014,16:48.5,9628,,
1707,7/7/2014,17:08.0,9629,,
1708,7/7/2014,17:26.5,9630,,
1709,7/7/2014,17:50.5,9631,,
1710,7/7/2014,18:14.0,9632,,
1711,7/7/2014,18:38.0,9633,,
1712,7/7/2014,19:03.0,9634,,
1713,7/7/2014,20:00.0,9635,,
1714,7/7/2014,21:04.5,9636,,
1715,7/7/2014,22:48.0,9637,,
1716,7/7/2014,23:36.0,9638,,
1717,7/7/2014,24:38.5,9639,,
1718,7/7/2014,25:16.5,9640,,
1719,7/7/2014,26:06.5,9641,,
1720,7/7/2014,27:07.5,9642,,
1721,7/7/2014,28:07.0,9643,,
1722,7/7/2014,29:53.0,9644,,
1723,7/7/2014,34:25.0,9645,,
1724,7/7/2014,39:43.5,9646,,
1725,7/8/2014,57:23.5,9647,,
1726,7/8/2014,59:20.5,9648,,
1727,7/8/2014,00:10.5,9649,,
1728,7/8/2014,00:57.0,9650,,
1729,7/8/2014,01:47.5,9651,,
1730,7/8/2014,02:19.5,9652,,
1731,7/8/2014,02:48.5,9653,,
1732,7/8/2014,03:14.0,9654,,
1733,7/8/2014,03:44.5,9655,,
1734,7/8/2014,04:09.5,9656,,
1735,7/8/2014,04:25.0,9657,,
1736,7/8/2014,04:47.5,9658,,
1737,7/8/2014,05:13.0,9659,,
1738,7/8/2014,06:02.0,9660,,
1739,7/8/2014,06:39.0,9661,,
1740,7/8/2014,07:11.0,9662,,
1741,7/8/2014,08:22.0,9663,,
1742,7/8/2014,08:57.0,9664,,
1743,7/8/2014,10:16.0,9665,,
1744,7/8/2014,11:04.5,9666,,
1745,7/8/2014,12:18.5,9667,,
1746,7/8/2014,12:55.5,9668,,
1747,7/8/2014,13:41.5,9669,,
1748,7/8/2014,14:07.0,9670,,
1749,7/8/2014,14:23.0,9671,,
1750,7/8/2014,14:41.5,9672,,
1751,7/8/2014,14:58.0,9673,,
1752,7/8/2014,15:12.0,9674,,
1753,7/8/2014,15:34.5,9675,,
1754,7/8/2014,16:05.0,9676,,
1755,7/8/2014,17:24.0,9677,,
1756,7/8/2014,18:27.5,9678,,
1757,7/8/2014,20:15.5,9679,,
1758,7/8/2014,21:34.0,9680,,
1759,7/8/2014,22:46.0,9681,,
1760,7/8/2014,24:07.5,9682,,
1761,7/8/2014,25:35.0,9683,,
1762,7/8/2014,27:06.5,9684,,
1763,7/8/2014,29:42.5,9685,,
1764,7/8/2014,32:03.0,9686,,
1765,7/8/2014,36:48.5,9687,,
1766,7/8/2014,37:38.0,9688,,
1767,7/8/2014,38:53.0,9689,,
1768,7/8/2014,40:09.5,9690,,
1769,7/8/2014,41:59.0,9691,,
1770,7/8/2014,43:34.5,9692,,
1771,7/8/2014,39:27.5,9693,,
1772,7/8/2014,45:54.5,9694,,
1773,7/8/2014,02:26.5,9695,,
1774,7/8/2014,36:36.0,9696,,
1775,7/9/2014,23:57.0,9697,,
